,Timestamp,High,Low,Open,Close,Volume
0,1537142400,224.26,195.31,221.58,197.88,2019910000.0
1,1537228800,213.36,195.93,197.1,209.98,1800640000.0
2,1537315200,213.87,201.66,209.47,209.97,1733330000.0
3,1537401600,224.82,207.79,210.29,224.59,1782070000.0
4,1537488000,248.39,221.57,225.25,246.58,2836200000.0
5,1537574400,251.2,233.81,247.34,240.48,1921820000.0
6,1537660800,247.46,237.86,240.99,244.33,1693470000.0
7,1537747200,245.11,227.49,244.84,228.73,1748740000.0
8,1537833600,228.33,206.49,228.33,218.51,2120360000.0
9,1537920000,221.44,209.11,218.65,215.85,1756100000.0
10,1538006400,230.61,212.65,215.44,228.49,2030320000.0
11,1538092800,231.75,218.67,229.04,222.4,2018120000.0
12,1538179200,234.01,216.08,221.71,231.63,2208720000.0
13,1538265600,236.99,228.45,231.33,232.85,1765560000.0
14,1538352000,234.15,226.95,233.22,230.77,1597500000.0
15,1538438400,231.17,225.84,231.1,227.18,1542080000.0
16,1538524800,226.46,213.97,226.41,220.49,1683930000.0
17,1538611200,226.15,220.09,220.45,222.22,1479500000.0
18,1538697600,228.32,220.96,222.27,227.6,1547330000.0
19,1538784000,227.93,224.25,227.55,225.12,1505070000.0
20,1538870400,226.37,223.0,225.43,226.12,1470480000.0
21,1538956800,230.76,224.56,226.51,229.26,1470740000.0
22,1539043200,230.16,226.4,229.71,227.98,1405130000.0
23,1539129600,227.71,224.49,227.62,225.77,1384040000.0
24,1539216000,225.61,189.28,225.61,189.5,2167620000.0
25,1539302400,199.4,188.71,188.71,196.73,1487900000.0
26,1539388800,201.28,196.36,196.36,199.84,1167610000.0
27,1539475200,201.83,195.24,199.69,195.71,1169260000.0
28,1539561600,222.12,194.16,195.27,209.7,2865830000.0
29,1539648000,212.17,207.98,209.63,210.12,1532280000.0
30,1539734400,211.13,205.93,210.22,207.08,1444130000.0
31,1539820800,208.47,201.74,207.4,203.35,1365860000.0
32,1539907200,204.66,201.84,203.26,203.73,1264480000.0
33,1539993600,206.22,203.09,203.51,205.43,1238780000.0
34,1540080000,208.15,204.62,205.39,205.14,1190300000.0
35,1540166400,206.93,203.38,205.17,204.04,1328980000.0
36,1540252800,205.15,201.91,204.02,204.34,1237490000.0
37,1540339200,205.58,203.35,204.13,203.85,1102220000.0
38,1540425600,204.13,201.82,203.87,202.72,1102900000.0
39,1540512000,204.78,201.55,202.34,203.33,1161310000.0
40,1540598400,206.08,203.13,203.36,204.21,1084810000.0
41,1540684800,205.92,203.52,204.51,205.37,1139140000.0
42,1540771200,205.6,195.73,205.17,197.25,1517230000.0
43,1540857600,198.12,196.35,197.2,197.56,1363500000.0
44,1540944000,198.34,196.53,197.65,197.38,1442380000.0
45,1541030400,203.75,197.33,197.54,198.87,1336700000.0
46,1541116800,201.27,198.76,198.98,200.63,1451870000.0
47,1541203200,200.74,199.52,200.74,200.19,1307150000.0
48,1541289600,211.27,198.99,200.16,207.49,1749300000.0
49,1541376000,210.82,206.57,207.1,209.09,1613510000.0
50,1541462400,218.45,207.89,209.47,218.45,1856940000.0
51,1541548800,221.65,216.8,218.9,217.18,1927830000.0
52,1541635200,218.34,212.2,217.33,212.23,1769080000.0
53,1541721600,213.32,209.51,211.99,210.07,1554750000.0
54,1541808000,213.86,209.8,209.98,212.53,1377760000.0
55,1541894400,213.0,208.87,212.48,211.34,1501600000.0
56,1541980800,212.62,208.92,211.51,210.42,1452380000.0
57,1542067200,210.51,206.13,210.15,206.83,1610260000.0
58,1542153600,207.04,174.08,206.53,181.4,2595330000.0
59,1542240000,184.25,170.19,181.9,180.81,2638410000.0
60,1542326400,181.35,173.13,180.87,175.18,2015330000.0
61,1542412800,175.85,172.87,175.36,174.0,1832800000.0
62,1542499200,179.15,174.18,174.18,177.07,1810920000.0
63,1542585600,177.18,147.85,177.18,149.18,2745160000.0
64,1542672000,151.25,126.36,148.81,130.34,3134410000.0
65,1542758400,138.89,125.76,131.14,136.7,2685930000.0
66,1542844800,137.74,126.71,136.81,126.71,1792150000.0
67,1542931200,127.03,119.56,126.42,123.3,1998010000.0
68,1543017600,126.79,110.82,123.3,113.49,1800960000.0
69,1543104000,118.88,101.77,113.13,116.45,2466750000.0
70,1543190400,118.2,104.89,116.34,108.33,2139490000.0
71,1543276800,111.84,102.45,107.91,110.01,2320010000.0
72,1543363200,126.05,110.2,110.2,122.44,2673470000.0
73,1543449600,123.23,115.3,122.72,117.54,2196099151.0
74,1543536000,119.42,111.74,117.73,113.17,2020748396.0
75,1543622400,120.84,111.62,113.4,118.64,2131475768.0
76,1543708800,120.56,116.09,118.27,116.39,1856199149.0
77,1543795200,116.62,107.42,116.38,108.93,1772756193.0
78,1543881600,113.14,107.4,108.8,110.21,1748116495.0
79,1543968000,110.6,102.48,110.34,102.48,1990157607.0
80,1544054400,104.1,91.76,102.45,91.76,2310716932.0
81,1544140800,96.09,83.47,91.65,93.29,2554304530.0
82,1544227200,97.06,86.83,93.41,92.16,1855759401.0
83,1544313600,98.9,91.03,92.04,95.14,1875567180.0
84,1544400000,96.26,90.65,94.99,91.69,1756437577.0
85,1544486400,92.78,87.69,91.58,88.95,1707497898.0
86,1544572800,92.24,88.26,88.61,90.59,1533050103.0
87,1544659200,91.11,85.52,90.66,86.54,1754475622.0
88,1544745600,87.14,83.23,86.63,84.31,1651491877.0
89,1544832000,85.34,82.83,84.28,84.44,1496176898.0
90,1544918400,87.57,84.47,84.47,85.26,1565817037.0
91,1545004800,96.81,85.38,85.38,95.13,2101453024.0
92,1545091200,101.32,92.97,95.11,101.11,2277514076.0
93,1545177600,108.55,100.69,101.68,101.27,2456482115.0
94,1545264000,117.17,100.64,101.09,116.22,3063842618.0
95,1545350400,119.09,107.58,115.84,109.5,2632539990.0
96,1545436800,116.76,107.5,109.46,116.76,2338772939.0
97,1545523200,133.08,117.27,117.27,130.77,3579715061.0
98,1545609600,157.67,130.64,130.64,140.24,4370343387.0
99,1545696000,141.0,125.11,141.0,129.84,3298280609.0
100,1545782400,136.68,126.29,129.89,131.87,2720469126.0
101,1545868800,132.68,115.65,131.92,116.58,2612804378.0
102,1545955200,137.65,115.69,116.9,137.65,3130201009.0
103,1546041600,147.03,134.57,138.47,138.02,3169029972.0
104,1546128000,140.69,133.98,137.63,139.86,2660086834.0
105,1546214400,140.18,132.52,140.03,133.37,2358360234.0
106,1546300800,141.4,132.65,133.42,140.82,2258709868.0
107,1546387200,156.93,140.65,141.52,155.05,3328240369.0
108,1546473600,155.86,147.2,155.2,149.14,2676164880.0
109,1546560000,156.88,147.91,148.91,154.58,3126192535.0
110,1546646400,160.82,154.34,154.34,155.64,3338211928.0
111,1546732800,159.37,152.09,155.8,157.75,3231294371.0
112,1546819200,158.45,151.15,157.81,151.7,2712108388.0
113,1546905600,153.63,148.67,151.97,150.36,2459808140.0
114,1546992000,153.62,150.29,150.55,150.8,2369241197.0
115,1547078400,152.15,126.53,150.84,128.63,3397734456.0
116,1547164800,130.17,125.24,127.81,127.55,2667585234.0
117,1547251200,128.67,125.45,127.53,125.97,2212109224.0
118,1547337600,126.27,116.09,125.91,116.9,2268263944.0
119,1547424000,130.86,116.97,116.98,129.07,2798085735.0
120,1547510400,130.74,120.31,129.17,122.03,2735449164.0
121,1547596800,127.12,121.44,121.81,123.55,2746469340.0
122,1547683200,124.27,120.82,123.57,123.74,2594091285.0
123,1547769600,123.84,120.24,123.65,121.01,2305389800.0
124,1547856000,125.9,121.16,121.61,124.52,3048261797.0
125,1547942400,125.07,118.7,124.63,119.47,2964108269.0
126,1548028800,119.72,116.16,119.64,117.16,2421720343.0
127,1548115200,119.66,114.68,117.11,118.75,2552507405.0
128,1548201600,119.42,116.38,118.71,117.45,2556952198.0
129,1548288000,118.03,116.01,117.46,117.36,2520843420.0
130,1548374400,117.8,115.83,117.59,116.38,2606881898.0
131,1548460800,118.08,115.98,116.37,116.49,2412181169.0
132,1548547200,116.69,113.41,116.51,113.41,2775888287.0
133,1548633600,113.69,103.34,113.29,106.59,3366895505.0
134,1548720000,107.17,104.0,106.72,105.6,2900418606.0
135,1548806400,109.45,104.84,105.41,108.91,2874370355.0
136,1548892800,110.46,106.53,108.9,107.06,2828796031.0
137,1548979200,108.64,105.05,107.15,107.61,2541271519.0
138,1549065600,110.65,106.76,107.47,110.43,2385157838.0
139,1549152000,110.83,106.56,110.49,107.49,2519334757.0
140,1549238400,108.7,107.07,107.63,107.82,2491888675.0
141,1549324800,108.13,106.91,107.63,107.44,2515863999.0
142,1549411200,107.57,102.93,107.57,104.92,2593048199.0
143,1549497600,106.06,104.41,104.84,104.54,2326764622.0
144,1549584000,119.81,104.19,104.65,119.27,3656841347.0
145,1549670400,120.69,118.0,119.21,119.43,2884650400.0
146,1549756800,124.85,117.11,119.41,124.81,3148766590.0
147,1549843200,124.87,120.31,124.87,121.3,3222473887.0
148,1549929600,123.47,119.6,121.18,122.57,3149576429.0
149,1550016000,125.55,121.61,122.54,122.55,3386585799.0
150,1550102400,124.45,121.33,122.42,121.39,3331701628.0
151,1550188800,123.66,121.37,121.45,122.1,3021741615.0
152,1550275200,124.13,122.3,122.4,123.26,2905833287.0
153,1550361600,134.46,123.09,123.18,133.6,4236081130.0
154,1550448000,147.69,133.0,133.03,146.1,5387525773.0
155,1550534400,149.93,145.13,146.4,145.35,5310842625.0
156,1550620800,149.55,142.5,145.17,149.55,4500094965.0
157,1550707200,149.35,144.56,149.35,146.13,3995766856.0
158,1550793600,149.27,145.21,146.07,149.09,3731099284.0
159,1550880000,159.13,147.33,148.68,158.8,4519468458.0
160,1550966400,165.55,135.85,158.9,135.85,5957715043.0
161,1551052800,142.53,135.48,135.5,139.82,4914392068.0
162,1551139200,139.98,136.58,139.65,138.09,3791292839.0
163,1551225600,141.34,131.6,138.03,136.13,4469776860.0
164,1551312000,138.85,135.66,136.28,136.75,4535438953.0
165,1551398400,139.0,136.43,136.84,136.44,3756124824.0
166,1551484800,137.18,132.44,136.35,134.21,3747176425.0
167,1551571200,135.85,131.33,134.79,132.25,3454374053.0
168,1551657600,132.73,125.4,132.16,127.77,4008171341.0
169,1551744000,138.23,126.74,127.79,137.82,4764849990.0
170,1551830400,139.97,136.15,137.96,138.79,4589054219.0
171,1551916800,140.86,137.27,138.94,138.03,4339206292.0
172,1552003200,139.5,133.56,138.31,135.13,4678816794.0
173,1552089600,139.12,134.68,134.89,137.97,5011918715.0
174,1552176000,138.27,135.69,138.18,136.76,4578438499.0
175,1552262400,137.35,133.1,136.85,133.83,4689807419.0
176,1552348800,135.27,130.94,134.01,134.44,4709988000.0
177,1552435200,134.61,132.72,134.61,133.26,4265162099.0
178,1552521600,135.18,132.75,133.2,133.71,4476532147.0
179,1552608000,138.4,133.57,133.57,137.69,4506861856.0
180,1552694400,144.56,137.91,137.91,142.4,4839003569.0
181,1552780800,142.37,139.32,142.24,140.0,3827157729.0
182,1552867200,142.27,138.84,140.1,139.37,4551739879.0
183,1552953600,140.99,139.14,139.25,140.52,4251488129.0
184,1553040000,140.95,138.31,140.48,140.69,4664134462.0
185,1553126400,141.0,135.86,140.48,136.64,5087247796.0
186,1553212800,138.79,136.23,136.56,137.18,4490899266.0
187,1553299200,139.39,136.91,137.04,138.24,4436568613.0
188,1553385600,138.38,136.31,138.32,136.99,4266845458.0
189,1553472000,137.7,133.49,137.08,135.03,4480516753.0
190,1553558400,135.46,133.76,135.05,135.46,4499271679.0
191,1553644800,141.08,135.34,135.45,140.99,5228240093.0
192,1553731200,141.01,138.43,141.01,139.42,4163212475.0
193,1553817600,142.55,138.05,139.34,142.5,5125602702.0
194,1553904000,149.61,141.03,142.36,142.09,5144662127.0
195,1553990400,142.19,140.7,142.14,141.51,4249050197.0
196,1554076800,142.73,140.74,141.47,141.83,4611999536.0
197,1554163200,165.23,141.64,141.84,163.96,9826645698.0
198,1554249600,178.32,157.32,164.01,161.46,10622456246.0
199,1554336000,164.93,155.24,161.43,158.05,7953123529.0
200,1554422400,167.22,157.44,158.02,165.51,7531316908.0
201,1554508800,172.52,161.8,165.51,165.95,7167016221.0
202,1554595200,175.21,164.93,165.98,174.53,7596176020.0
203,1554681600,184.38,174.16,174.45,180.26,9304964610.0
204,1554768000,180.25,175.09,180.22,176.11,7632529578.0
205,1554854400,183.13,175.23,176.07,177.34,7856924879.0
206,1554940800,177.49,162.32,177.34,165.5,7859383417.0
207,1555027200,166.13,161.03,165.34,164.74,6237185309.0
208,1555113600,166.36,163.01,164.62,164.51,4959301561.0
209,1555200000,168.59,162.78,164.48,167.84,4846298303.0
210,1555286400,168.82,159.56,167.9,161.57,5672311824.0
211,1555372800,167.67,160.89,161.53,167.62,5180105341.0
212,1555459200,168.94,165.5,167.55,166.95,5596102715.0
213,1555545600,175.37,166.67,166.91,173.81,6971581464.0
214,1555632000,173.98,170.62,173.79,173.71,6541053061.0
215,1555718400,176.71,171.79,173.72,173.75,6142567812.0
216,1555804800,174.42,167.43,173.72,170.05,6005571688.0
217,1555891200,173.07,168.73,170.02,171.87,6094878077.0
218,1555977600,176.85,170.9,172.01,171.45,7097827092.0
219,1556064000,171.57,161.98,171.35,165.83,7351304156.0
220,1556150400,166.51,153.85,165.91,154.46,6820332362.0
221,1556236800,158.03,152.09,154.58,156.35,7505283355.0
222,1556323200,160.59,155.62,156.27,158.43,5863109118.0
223,1556409600,159.57,157.13,158.5,157.3,5379894433.0
224,1556496000,158.33,153.19,157.29,155.2,6053776253.0
225,1556582400,162.43,155.17,155.17,162.17,6275803460.0
226,1556668800,164.06,159.66,162.19,160.82,5789172433.0
227,1556755200,162.94,160.06,160.85,162.12,6044171062.0
228,1556841600,170.07,161.08,162.08,167.95,7299410672.0
229,1556928000,170.65,161.79,167.89,164.03,6658100049.0
230,1557014400,165.4,159.7,164.02,163.45,5938415562.0
231,1557100800,175.76,159.99,163.34,172.65,7540096853.0
232,1557187200,180.39,169.69,172.43,169.8,8411140170.0
233,1557273600,172.18,166.41,169.9,170.95,6416569598.0
234,1557360000,172.88,167.25,170.95,170.29,6546914198.0
235,1557446400,175.89,168.99,170.31,173.14,8036919053.0
236,1557532800,203.47,173.14,173.14,194.3,12578331654.0
237,1557619200,201.88,183.65,194.16,187.33,10326050090.0
238,1557705600,205.1,185.31,187.42,196.85,10367149039.0
239,1557792000,217.87,196.05,196.74,217.15,12751049755.0
240,1557878400,247.45,216.82,217.01,247.15,13460006534.0
241,1557964800,275.39,245.8,246.94,264.01,18661465873.0
242,1558051200,266.98,227.77,263.85,243.76,16037551694.0
243,1558137600,246.36,233.1,243.91,234.6,10933142646.0
244,1558224000,263.74,233.76,234.45,261.29,12049250894.0
245,1558310400,261.55,241.8,261.27,251.86,10834541285.0
246,1558396800,262.11,248.2,251.65,255.22,11545049593.0
247,1558483200,258.8,242.73,255.0,244.7,9818257463.0
248,1558569600,247.62,233.79,244.67,245.97,10671663487.0
249,1558656000,255.26,243.24,245.99,249.48,9929433206.0
250,1558742400,257.36,249.09,249.69,251.76,8924985385.0
251,1558828800,269.17,247.25,251.72,267.07,9664267731.0
252,1558915200,278.51,265.44,267.14,272.86,12074664736.0
253,1559001600,274.32,267.51,272.59,271.77,10362846898.0
254,1559088000,273.76,263.09,271.78,269.46,9819132174.0
255,1559174400,287.2,247.35,269.55,255.86,13604268584.0
256,1559260800,268.66,249.11,256.02,268.11,11255023515.0
257,1559347200,273.56,263.52,268.43,265.39,9942869852.0
258,1559433600,272.81,265.04,265.51,270.23,8744111713.0
259,1559520000,270.33,251.26,270.09,252.61,9375712917.0
260,1559606400,252.51,236.13,252.51,241.34,10132549747.0
261,1559692800,248.14,239.98,241.5,247.05,8548917062.0
262,1559779200,249.94,238.5,246.93,249.47,8265146806.0
263,1559865600,254.35,246.6,249.34,250.93,8379534528.0
264,1559952000,252.38,243.23,251.25,245.74,7225996863.0
265,1560038400,245.97,229.26,245.54,233.09,7566421456.0
266,1560124800,247.66,229.34,232.83,247.52,8141159848.0
267,1560211200,248.66,239.83,247.86,245.78,7382269700.0
268,1560297600,261.02,244.49,245.93,260.9,8645598618.0
269,1560384000,262.16,255.6,260.91,256.17,8442077836.0
270,1560470400,265.37,254.15,256.18,264.09,8676891267.0
271,1560556800,271.51,262.12,263.93,269.02,8126853944.0
272,1560643200,278.14,265.54,268.9,269.22,9676746453.0
273,1560729600,275.44,268.35,269.09,274.35,6009795781.0
274,1560816000,274.32,263.14,274.32,265.05,6205242504.0
275,1560902400,270.33,264.75,265.06,269.43,5516510947.0
276,1560988800,274.07,265.5,269.41,271.7,6408981097.0
277,1561075200,295.3,271.74,271.74,294.91,9331694140.0
278,1561161600,315.19,294.73,295.12,309.38,10613731255.0
279,1561248000,318.57,305.76,309.42,307.83,8161062380.0
280,1561334400,312.33,299.56,307.72,310.42,8205712062.0
281,1561420800,318.13,307.64,310.68,318.13,9641764965.0
282,1561507200,361.4,315.95,317.99,336.75,16437084081.0
283,1561593600,343.43,278.57,336.96,294.27,14038092503.0
284,1561680000,313.03,292.94,294.14,311.23,11514656820.0
285,1561766400,322.04,294.75,311.28,320.06,10929374565.0
286,1561852800,322.79,290.7,319.58,290.7,10303111000.0
287,1561939200,301.03,280.02,290.27,293.64,10292223948.0
288,1562025600,295.66,272.6,293.54,291.6,10618413952.0
289,1562112000,303.34,291.4,291.76,303.1,9926711979.0
290,1562198400,303.96,282.77,303.03,284.52,8403513106.0
291,1562284800,293.92,282.69,284.38,288.0,8723493015.0
292,1562371200,295.99,286.67,287.89,287.55,7674615025.0
293,1562457600,310.14,286.11,287.6,305.7,8119724981.0
294,1562544000,314.27,303.5,305.73,313.25,9078905628.0
295,1562630400,318.22,305.29,313.33,308.88,10055159803.0
296,1562716800,313.07,285.57,308.85,290.0,11679985167.0
297,1562803200,290.02,266.09,289.95,268.7,10216287022.0
298,1562889600,278.86,268.0,268.69,276.28,8148936015.0
299,1562976000,276.69,263.07,276.29,269.46,6716829429.0
300,1563062400,269.64,227.27,269.28,227.58,8578339386.0
301,1563148800,235.03,210.39,227.97,229.78,9723674244.0
302,1563235200,234.51,197.38,229.75,199.19,9036620494.0
303,1563321600,217.98,193.99,199.07,211.48,9387747640.0
304,1563408000,229.24,208.04,211.44,226.57,9327816059.0
305,1563494400,226.94,215.84,226.66,221.33,7606433131.0
306,1563580800,234.2,221.19,221.41,229.12,7976245988.0
307,1563667200,229.86,219.03,229.17,225.63,6685082868.0
308,1563753600,226.86,213.45,225.7,217.56,6338843919.0
309,1563840000,218.52,209.64,217.57,212.73,6976091534.0
310,1563926400,217.54,203.89,212.55,217.05,7168982843.0
311,1564012800,224.25,216.14,216.97,219.62,6731281160.0
312,1564099200,220.24,214.13,219.63,219.63,5729852178.0
313,1564185600,223.52,204.9,219.62,207.41,6257703908.0
314,1564272000,212.04,202.25,207.41,211.19,5504887934.0
315,1564358400,213.93,208.76,211.12,211.27,5485190664.0
316,1564444800,213.61,206.87,211.34,210.52,5489918859.0
317,1564531200,218.65,210.44,210.49,218.65,6003828340.0
318,1564617600,218.81,212.91,218.55,217.81,5965442642.0
319,1564704000,222.18,215.98,217.88,217.87,6159440229.0
320,1564790400,224.62,217.33,217.9,222.49,5697798687.0
321,1564876800,224.23,218.49,222.58,222.67,5238542572.0
322,1564963200,235.64,222.6,222.65,234.22,7765060287.0
323,1565049600,239.12,223.55,234.25,226.02,7647742672.0
324,1565136000,229.66,222.78,225.93,226.39,7020342210.0
325,1565222400,226.77,216.52,226.52,220.94,6713525644.0
326,1565308800,221.36,208.25,220.91,210.49,6964818795.0
327,1565395200,213.73,203.79,210.53,206.73,6584748527.0
328,1565481600,216.6,206.51,206.73,216.09,6440605605.0
329,1565568000,216.14,210.95,216.06,211.29,5674315559.0
330,1565654400,211.38,205.42,211.34,208.71,5946313205.0
331,1565740800,209.07,186.33,208.6,186.61,7444456154.0
332,1565827200,189.46,178.14,186.68,188.5,8197244441.0
333,1565913600,188.91,180.38,188.64,185.44,7133915837.0
334,1566000000,186.7,182.59,185.53,185.69,5512696513.0
335,1566086400,197.52,183.69,185.84,194.49,5969012024.0
336,1566172800,203.56,193.11,194.56,203.09,6145148692.0
337,1566259200,203.02,195.62,202.81,196.57,6408417610.0
338,1566345600,197.03,182.69,196.62,186.89,7775772700.0
339,1566432000,194.42,183.38,186.94,191.33,7569043874.0
340,1566518400,195.91,189.56,191.11,194.71,6658162377.0
341,1566604800,194.78,187.63,194.67,191.29,6249737982.0
342,1566691200,192.16,184.96,191.23,186.84,5826017143.0
343,1566777600,193.44,186.74,186.74,188.93,7207986636.0
344,1566864000,188.96,185.47,188.95,187.52,6042327402.0
345,1566950400,187.93,172.19,187.5,173.89,6696604087.0
346,1567036800,174.0,167.17,173.96,169.52,7129569083.0
347,1567123200,170.77,167.07,169.49,168.83,5776520220.0
348,1567209600,174.32,167.8,168.89,172.47,5830212249.0
349,1567296000,173.7,169.53,172.46,171.63,5554799576.0
350,1567382400,180.15,170.45,171.7,178.35,6503447137.0
351,1567468800,182.35,175.97,178.36,179.5,6962728938.0
352,1567555200,180.14,175.33,179.49,175.99,5938120494.0
353,1567641600,176.16,171.75,175.97,174.22,5589476516.0
354,1567728000,177.72,168.34,174.17,169.96,6797611878.0
355,1567814400,180.85,169.44,169.96,178.26,6791531342.0
356,1567900800,182.98,178.14,178.28,181.36,6472677266.0
357,1567987200,184.15,177.42,181.36,181.15,7232938985.0
358,1568073600,184.06,178.12,181.21,179.79,6291476772.0
359,1568160000,181.76,176.5,179.84,178.73,7157139035.0
360,1568246400,182.0,177.85,178.8,181.02,5838605477.0
361,1568332800,181.5,178.58,180.98,181.11,5955041237.0
362,1568419200,188.45,180.37,181.32,188.11,6500686511.0
363,1568505600,190.4,186.45,188.07,189.79,6222874780.0
364,1568592000,198.2,189.69,189.69,197.11,8242029488.0
365,1568678400,213.73,196.72,197.11,208.61,10232590812.0
366,1568764800,216.71,208.05,208.05,211.39,9194634557.0
367,1568851200,222.87,204.69,211.25,221.28,10620070913.0
368,1568937600,221.6,215.16,221.07,218.05,8027974273.0
369,1569024000,220.96,215.0,217.9,215.52,7743309778.0
370,1569110400,216.09,207.64,215.49,211.55,7812854576.0
371,1569196800,211.84,201.89,211.71,201.92,7494673136.0
372,1569283200,203.5,162.73,201.84,168.11,11757739233.0
373,1569369600,174.72,164.91,168.13,170.89,9766632018.0
374,1569456000,171.69,157.13,170.76,166.73,7848286154.0
375,1569542400,175.61,163.21,166.65,174.71,7909313625.0
376,1569628800,175.78,170.77,174.68,174.57,6895423445.0
377,1569715200,175.21,167.0,174.61,170.5,6497088199.0
378,1569801600,179.87,167.04,170.46,179.87,7552915148.0
379,1569888000,185.05,175.81,180.21,177.34,7676276225.0
380,1569974400,180.83,175.33,177.22,180.71,6335595250.0
381,1570060800,180.8,172.6,180.7,175.2,6381403725.0
382,1570147200,178.55,173.56,175.24,176.99,6248928449.0
383,1570233600,177.71,173.07,176.95,176.35,5837211771.0
384,1570320000,177.36,171.3,176.36,173.06,5852890674.0
385,1570406400,182.36,171.53,172.94,181.19,7844316834.0
386,1570492800,184.36,179.13,181.11,182.02,7466282780.0
387,1570579200,194.3,180.67,182.04,193.29,9088122101.0
388,1570665600,193.9,188.31,193.19,191.66,8375913276.0
389,1570752000,195.32,181.66,191.8,182.57,9128522970.0
390,1570838400,186.3,179.98,182.53,180.83,7494328840.0
391,1570924800,185.08,180.32,180.86,182.08,6733182273.0
392,1571011200,187.3,181.66,182.03,186.96,7276520699.0
393,1571097600,187.76,179.46,186.98,181.41,7731456579.0
394,1571184000,181.67,174.06,181.34,176.01,7691244590.0
395,1571270400,178.9,174.57,175.91,178.03,6737237423.0
396,1571356800,178.18,171.01,177.99,173.62,7566257807.0
397,1571443200,175.61,172.22,173.65,172.91,6551453871.0
398,1571529600,176.72,171.21,172.97,175.53,6801091120.0
399,1571616000,177.74,173.29,175.52,174.92,6815820627.0
400,1571702400,175.65,172.27,174.91,172.3,6990951966.0
401,1571788800,172.42,157.46,172.26,162.4,9624925919.0
402,1571875200,164.15,160.89,162.51,162.17,7300917537.0
403,1571961600,183.0,161.97,162.19,181.52,10358594018.0
404,1572048000,195.94,176.13,181.67,179.84,13831784986.0
405,1572134400,188.16,177.68,179.93,184.24,10815941952.0
406,1572220800,187.88,180.25,184.4,182.66,10406734124.0
407,1572307200,191.85,182.36,182.67,190.34,10622761958.0
408,1572393600,191.11,181.55,190.34,184.69,10484902804.0
409,1572480000,188.75,180.07,184.8,183.97,9607939606.0
410,1572566400,185.06,181.09,183.8,183.97,9145611130.0
411,1572652800,185.71,182.8,184.02,183.93,8087991830.0
412,1572739200,185.02,179.82,183.99,182.43,8760247744.0
413,1572825600,188.02,181.82,182.32,186.36,10551917945.0
414,1572912000,191.26,184.33,186.31,189.3,10024177342.0
415,1572998400,193.55,188.67,189.11,191.59,10156458684.0
416,1573084800,191.86,186.57,191.5,187.98,9081247799.0
417,1573171200,188.82,182.54,187.92,184.21,9176780911.0
418,1573257600,185.84,183.9,184.31,185.03,7277418704.0
419,1573344000,190.92,184.69,184.94,189.48,8752784211.0
420,1573430400,190.34,185.09,189.5,185.49,7877424106.0
421,1573516800,187.95,184.19,185.56,186.84,7792186666.0
422,1573603200,189.33,185.94,186.94,188.26,7343173596.0
423,1573689600,188.63,184.99,188.27,186.0,7872664470.0
424,1573776000,186.25,179.38,186.06,180.52,8815678477.0
425,1573862400,184.16,179.99,180.5,183.35,6789888120.0
426,1573948800,188.19,182.34,183.35,185.12,7364325471.0
427,1574035200,186.93,179.18,185.04,180.56,7787662111.0
428,1574121600,182.53,175.2,180.5,177.46,7536699743.0
429,1574208000,178.99,175.29,177.42,175.7,7205785149.0
430,1574294400,176.21,159.37,175.67,161.46,8546371325.0
431,1574380800,163.03,142.34,161.51,150.27,12020749863.0
432,1574467200,154.1,147.6,150.21,153.42,8289198330.0
433,1574553600,153.97,142.83,153.43,142.83,7782769098.0
434,1574640000,150.21,133.8,142.7,146.48,10962753356.0
435,1574726400,150.0,145.22,146.4,148.97,7648516297.0
436,1574812800,154.89,143.53,148.4,153.01,8778095308.0
437,1574899200,156.61,151.09,153.07,151.72,7346531960.0
438,1574985600,156.85,151.46,151.77,155.3,7503898278.0
439,1575072000,156.69,151.23,155.29,152.54,6565950868.0
440,1575158400,152.49,147.07,152.49,151.19,7102780298.0
441,1575244800,152.12,147.61,151.18,149.06,6670561362.0
442,1575331200,150.31,146.0,149.06,147.96,6204379850.0
443,1575417600,150.68,145.0,147.92,146.75,7865937094.0
444,1575504000,153.16,145.46,146.69,149.25,6745910228.0
445,1575590400,149.67,147.61,149.4,149.19,6458766441.0
446,1575676800,149.8,148.37,149.2,148.77,5911233284.0
447,1575763200,152.39,148.31,148.74,151.26,6441727252.0
448,1575849600,151.91,147.62,151.22,148.23,6744206747.0
449,1575936000,148.56,144.91,148.18,146.27,6859512025.0
450,1576022400,147.14,143.05,146.32,143.61,7037180049.0
451,1576108800,145.75,141.44,143.62,145.6,7890383413.0
452,1576195200,145.86,143.75,145.66,144.94,7264810247.0
453,1576281600,145.53,142.43,144.95,142.87,7048066973.0
454,1576368000,143.93,139.43,142.86,143.11,7235153411.0
455,1576454400,143.22,132.46,143.14,133.61,8992282119.0
456,1576540800,134.01,121.4,133.65,122.6,9057166141.0
457,1576627200,133.39,119.78,122.66,133.09,11864518321.0
458,1576713600,134.19,125.97,133.05,129.32,9564699140.0
459,1576800000,129.76,126.99,129.38,129.07,8173594150.0
460,1576886400,129.15,127.61,129.1,128.13,7449064703.0
461,1576972800,133.16,127.93,128.1,132.37,9121058481.0
462,1577059200,134.73,127.42,132.31,128.61,9622497693.0
463,1577145600,131.67,127.31,128.63,129.06,7961819689.0
464,1577232000,129.07,124.89,129.07,126.45,8418019054.0
465,1577318400,130.9,125.41,126.49,126.36,8600871980.0
466,1577404800,128.1,124.82,126.37,127.21,8299390176.0
467,1577491200,130.26,126.9,127.21,128.32,8069298610.0
468,1577577600,136.81,128.0,128.27,134.76,9708776786.0
469,1577664000,136.76,131.55,134.8,132.63,9796951716.0
470,1577750400,133.73,128.8,132.61,129.61,8936866397.0
471,1577836800,132.84,129.2,129.63,130.8,7935230330.0
472,1577923200,130.82,126.95,130.82,127.41,8032709256.0
473,1578009600,134.55,126.49,127.41,134.17,10476845358.0
474,1578096000,136.05,133.04,134.17,135.07,7430904515.0
475,1578182400,139.41,135.05,135.07,136.28,7526675353.0
476,1578268800,144.33,136.08,136.31,144.3,9093747121.0
477,1578355200,145.0,140.49,144.31,143.54,9257954672.0
478,1578441600,146.83,138.27,143.49,141.26,9387194957.0
479,1578528000,141.39,136.24,141.16,138.98,7697325348.0
480,1578614400,144.17,135.52,138.97,143.96,9084816203.0
481,1578700800,146.48,142.21,143.41,142.93,9332208590.0
482,1578787200,146.15,142.71,143.03,145.87,8528167453.0
483,1578873600,146.79,142.91,146.22,144.23,8378529470.0
484,1578960000,167.68,144.06,144.25,165.96,16712318373.0
485,1579046400,170.43,161.11,165.73,166.23,15173694057.0
486,1579132800,167.06,159.71,166.33,164.39,13735193018.0
487,1579219200,173.07,162.78,164.49,170.78,14997091826.0
488,1579305600,178.53,166.79,170.75,175.37,14929342256.0
489,1579392000,177.25,163.68,175.47,166.97,13713374132.0
490,1579478400,169.11,162.33,166.9,167.12,11144529787.0
491,1579564800,169.91,165.82,167.06,169.7,9789369362.0
492,1579651200,171.01,166.77,169.61,168.29,9209827928.0
493,1579737600,168.31,160.3,168.3,162.93,10396868698.0
494,1579824000,164.31,156.75,162.9,163.05,10657671162.0
495,1579910400,163.23,158.63,163.07,161.28,8256956802.0
496,1579996800,168.22,160.28,161.18,168.08,9261861590.0
497,1580083200,172.92,166.9,168.01,170.93,11004476145.0
498,1580169600,176.37,170.74,170.88,176.37,11772875064.0
499,1580256000,178.84,175.05,176.35,175.05,10725267311.0
500,1580342400,186.26,172.37,174.92,184.69,12604789338.0
501,1580428800,185.41,176.3,184.74,180.16,11728616394.0
502,1580515200,183.85,179.75,180.11,183.67,11569697182.0
503,1580601600,193.08,180.17,183.53,188.62,14054425389.0
504,1580688000,193.44,188.01,188.61,189.87,12392875241.0
505,1580774400,191.11,185.4,189.86,189.25,11714191695.0
506,1580860800,206.8,188.75,189.3,204.23,14865434435.0
507,1580947200,214.6,201.9,204.13,212.34,16425589683.0
508,1581033600,223.14,212.3,212.32,222.73,16673443564.0
509,1581120000,226.59,215.39,222.51,223.15,16741203125.0
510,1581206400,229.86,222.98,222.98,228.58,15031356241.0
511,1581292800,229.18,218.08,228.55,223.52,16210008511.0
512,1581379200,236.55,218.62,223.38,235.85,16964695963.0
513,1581465600,272.4,235.9,235.9,265.41,24545049386.0
514,1581552000,273.74,258.92,265.05,268.1,25801317504.0
515,1581638400,285.06,262.76,268.02,284.22,23558253463.0
516,1581724800,287.12,264.28,284.56,264.73,23682452994.0
517,1581811200,272.88,242.48,264.9,259.89,25152366643.0
518,1581897600,266.87,244.34,259.89,266.36,26024080089.0
519,1581984000,283.2,261.46,266.51,281.94,26511477187.0
520,1582070400,283.54,259.76,282.04,259.76,22679414413.0
521,1582156800,263.7,250.95,259.82,257.95,23229828870.0
522,1582243200,267.0,255.69,257.89,265.6,20867593292.0
523,1582329600,266.39,258.91,265.55,262.33,16906032862.0
524,1582416000,273.75,261.96,262.28,273.75,19585998814.0
525,1582502400,275.54,259.63,273.71,265.22,22400845640.0
526,1582588800,265.43,246.86,265.28,247.82,21878882134.0
527,1582675200,249.65,221.27,247.74,225.68,26235617201.0
528,1582761600,237.23,212.66,225.69,226.75,25645522790.0
529,1582848000,234.21,216.35,226.99,226.76,22563530559.0
530,1582934400,232.26,219.85,226.83,219.85,18181296376.0
531,1583020800,226.68,214.13,219.75,218.97,18179807469.0
532,1583107200,232.81,217.28,218.71,230.57,20305587789.0
533,1583193600,232.33,221.73,230.52,224.48,19853178572.0
534,1583280000,228.04,222.09,224.57,224.52,16567075208.0
535,1583366400,234.36,224.64,224.64,229.27,18201291785.0
536,1583452800,243.55,228.74,229.17,243.53,19374772256.0
537,1583539200,249.98,237.55,243.75,237.85,19431652027.0
538,1583625600,237.78,200.6,237.78,200.69,21381823651.0
539,1583712000,207.45,192.27,201.32,201.99,23645428606.0
540,1583798400,205.71,198.06,202.86,200.77,18344930072.0
541,1583884800,202.95,184.36,200.77,194.87,16984790291.0
542,1583971200,195.15,111.21,194.74,112.35,22134741655.0
543,1584057600,137.43,95.18,112.69,133.2,27864623061.0
544,1584144000,134.48,122.41,133.58,123.31,12740784545.0
545,1584230400,132.24,121.85,123.25,125.21,12719251813.0
546,1584316800,125.0,105.17,125.0,110.61,15984904590.0
547,1584403200,118.99,110.41,110.41,113.94,12087490572.0
548,1584489600,116.02,111.74,113.86,114.84,11617854009.0
549,1584576000,140.53,114.73,114.84,136.59,16396753275.0
550,1584662400,150.85,122.61,136.65,132.74,18960388062.0
551,1584748800,135.97,127.16,133.1,132.82,13684083308.0
552,1584835200,136.15,122.91,132.85,123.32,12497707224.0
553,1584921600,134.91,121.87,123.37,134.91,14149877968.0
554,1585008000,141.95,133.17,135.19,138.76,14609068673.0
555,1585094400,141.4,134.3,138.91,136.2,13433092920.0
556,1585180800,138.83,134.89,136.19,138.36,11367261176.0
557,1585267200,139.9,133.94,138.37,133.94,11396286629.0
558,1585353600,134.03,126.96,134.03,130.99,12162403960.0
559,1585440000,131.17,125.45,131.02,125.58,9938133669.0
560,1585526400,133.91,125.29,125.58,132.9,11841123306.0
561,1585612800,134.27,131.65,132.82,133.59,11065246317.0
562,1585699200,135.63,129.73,133.61,135.63,12456564435.0
563,1585785600,146.79,135.73,135.73,142.03,15322861686.0
564,1585872000,146.9,139.62,142.11,142.09,13184603402.0
565,1585958400,145.38,140.12,142.22,145.22,11946658257.0
566,1586044800,146.13,142.1,145.26,143.55,11280993591.0
567,1586131200,169.27,143.54,143.61,169.14,21636382525.0
568,1586217600,175.2,164.2,169.15,165.1,21659346091.0
569,1586304000,173.21,164.49,165.24,172.64,17063110836.0
570,1586390400,172.9,167.99,172.76,170.81,14901696210.0
571,1586476800,170.95,154.91,170.83,158.41,17980944616.0
572,1586563200,161.17,155.3,158.54,158.22,13555089447.0
573,1586649600,164.52,156.32,158.23,161.14,15123721386.0
574,1586736000,160.75,151.61,160.72,156.28,16465282133.0
575,1586822400,160.94,155.87,156.36,157.6,14723156630.0
576,1586908800,160.71,152.8,157.57,153.29,14171753737.0
577,1586995200,173.16,150.36,153.2,172.16,22910469236.0
578,1587081600,174.28,169.75,172.28,171.64,16714684266.0
579,1587168000,187.94,171.62,171.62,186.91,20160323443.0
580,1587254400,188.1,180.12,186.86,181.61,19146038381.0
581,1587340800,186.08,170.32,181.48,172.3,21266681335.0
582,1587427200,175.18,170.55,172.02,172.74,16458767984.0
583,1587513600,183.75,171.83,172.67,182.6,17994666395.0
584,1587600000,189.09,180.34,182.62,185.03,21275740032.0
585,1587686400,190.21,185.22,185.22,189.24,16788555028.0
586,1587772800,196.79,188.46,189.21,195.52,18260969748.0
587,1587859200,199.34,194.77,195.41,197.32,18335367012.0
588,1587945600,199.55,193.45,197.48,197.22,18670194595.0
589,1588032000,198.79,194.85,197.27,198.42,18217507467.0
590,1588118400,218.45,198.12,198.47,216.97,26397548759.0
591,1588204800,227.53,206.44,216.91,207.6,28089191904.0
592,1588291200,217.63,207.78,207.9,214.22,20816320834.0
593,1588377600,215.85,212.88,214.23,215.33,18260876092.0
594,1588464000,219.27,208.69,215.35,210.93,20469034664.0
595,1588550400,211.83,199.05,210.89,208.17,22602446422.0
596,1588636800,211.78,204.03,208.01,206.77,19004689099.0
597,1588723200,211.53,204.04,206.48,204.06,20343543799.0
598,1588809600,214.39,202.07,203.91,212.29,23594744655.0
599,1588896000,216.33,208.83,212.2,212.99,20445139356.0
600,1588982400,214.74,209.07,213.14,211.6,18950547549.0
601,1589068800,211.55,182.71,211.55,188.6,25211575193.0
602,1589155200,191.36,180.72,188.63,185.91,20054601647.0
603,1589241600,191.6,185.7,185.88,189.31,15899726284.0
604,1589328000,200.2,189.13,189.37,199.19,17054662289.0
605,1589414400,204.12,196.87,198.89,202.95,20150524861.0
606,1589500800,203.57,193.76,202.96,195.62,16602342092.0
607,1589587200,202.77,194.5,195.61,200.68,15379081645.0
608,1589673600,209.16,200.1,200.61,207.16,15470397303.0
609,1589760000,215.91,207.11,207.18,214.53,17411566928.0
610,1589846400,214.6,210.14,214.6,213.45,14346192779.0
611,1589932800,214.72,207.98,213.45,210.1,12730175511.0
612,1590019200,211.63,193.35,210.13,199.88,13308321229.0
613,1590105600,208.59,198.04,199.84,207.17,12041592114.0
614,1590192000,210.39,205.29,207.19,208.69,10665476768.0
615,1590278400,210.6,202.37,208.72,202.37,11833299572.0
616,1590364800,206.36,200.67,201.98,205.32,10415044124.0
617,1590451200,205.75,200.26,205.26,201.9,10159741290.0
618,1590537600,208.86,201.79,201.89,208.86,10631034756.0
619,1590624000,220.28,206.24,208.89,219.84,12212469604.0
620,1590710400,224.22,218.24,219.93,220.68,12265816557.0
621,1590796800,243.94,218.74,220.72,242.35,15027397867.0
622,1590883200,244.05,230.05,242.35,230.98,12234904813.0
623,1590969600,248.24,230.49,230.86,246.99,13951727936.0
624,1591056000,252.22,233.23,246.83,237.22,13782107567.0
625,1591142400,244.18,235.46,237.4,244.18,9861760817.0
626,1591228800,245.93,236.77,244.11,244.43,10170414304.0
627,1591315200,247.33,240.68,244.35,241.22,9293963914.0
628,1591401600,245.98,239.72,241.2,241.93,8114873845.0
629,1591488000,245.44,236.33,241.91,245.17,9544883157.0
630,1591574400,246.64,241.54,245.18,246.31,8076783299.0
631,1591660800,248.34,242.34,246.18,244.91,8446545788.0
632,1591747200,248.65,242.82,244.82,247.44,8792990206.0
633,1591833600,249.89,229.94,247.55,231.7,12356528860.0
634,1591920000,239.35,229.65,231.63,237.49,8868955009.0
635,1592006400,239.19,235.89,237.54,238.91,7141624980.0
636,1592092800,239.1,232.96,238.97,234.11,7439385176.0
637,1592179200,234.24,221.24,234.06,229.93,10536099884.0
638,1592265600,236.39,228.43,229.76,234.42,7965648016.0
639,1592352000,235.95,229.34,234.49,233.03,7701391592.0
640,1592438400,234.57,228.95,232.9,232.1,6713800872.0
641,1592524800,232.15,226.8,231.95,227.14,6946372590.0
642,1592611200,231.45,226.64,226.98,229.27,6252830566.0
643,1592697600,232.36,228.49,229.22,228.99,5600408178.0
644,1592784000,243.78,228.93,229.0,242.53,9079586552.0
645,1592870400,244.86,239.76,242.54,244.14,6624530348.0
646,1592956800,248.51,232.81,244.19,235.77,8815030025.0
647,1593043200,236.05,230.3,235.7,232.94,7010426122.0
648,1593129600,233.9,229.26,232.88,229.67,7187490226.0
649,1593216000,232.49,220.56,229.63,222.96,6918380955.0
650,1593302400,228.6,219.47,222.91,225.35,6205925718.0
651,1593388800,229.9,222.25,225.36,228.19,6726164653.0
652,1593475200,229.48,224.82,227.97,226.32,6094093001.0
653,1593561600,232.76,224.84,226.13,231.11,6463737443.0
654,1593648000,232.4,225.46,231.29,229.39,6212210566.0
655,1593734400,229.63,224.91,229.32,225.39,5109032700.0
656,1593820800,230.05,225.13,225.29,229.07,5228310135.0
657,1593907200,229.86,224.54,228.98,227.66,5292172429.0
658,1593993600,242.13,227.03,227.69,241.51,8782917553.0
659,1594080000,242.68,234.22,240.97,239.08,6441497597.0
660,1594166400,248.31,238.4,239.16,246.67,9892586411.0
661,1594252800,247.29,239.9,246.75,243.02,8429099199.0
662,1594339200,242.88,236.73,242.87,240.98,7281370522.0
663,1594425600,241.53,238.33,241.04,239.46,5643067316.0
664,1594512000,243.31,237.77,239.46,242.13,6596394718.0
665,1594598400,244.31,238.23,242.18,239.6,7787751468.0
666,1594684800,242.0,237.8,239.98,240.21,7357458555.0
667,1594771200,241.4,237.1,240.14,238.42,6189328448.0
668,1594857600,239.01,231.62,238.45,233.64,5832057567.0
669,1594944000,234.42,232.11,233.69,232.77,5859850529.0
670,1595030400,236.54,232.32,232.86,235.48,5397402117.0
671,1595116800,239.16,233.28,235.46,238.49,6251377305.0
672,1595203200,239.58,234.85,238.49,236.15,5600686192.0
673,1595289600,246.19,235.68,236.3,245.02,6806696015.0
674,1595376000,262.99,242.48,245.04,262.19,7702077383.0
675,1595462400,277.58,261.05,262.39,274.69,10281309262.0
676,1595548800,286.19,269.24,274.72,279.22,9466060358.0
677,1595635200,306.74,279.03,279.03,304.06,10785021813.0
678,1595721600,316.39,300.27,303.69,309.64,12003973026.0
679,1595808000,330.7,309.66,309.66,321.51,15644257058.0
680,1595894400,325.91,307.72,321.83,316.66,12357108065.0
681,1595980800,324.38,313.11,316.56,318.19,10878845706.0
682,1596067200,338.63,315.75,318.14,334.59,11827689045.0
683,1596153600,348.61,329.34,334.63,345.55,12030600492.0
684,1596240000,388.85,343.59,345.8,385.2,14045259477.0
685,1596326400,411.23,357.14,385.55,370.67,18909744275.0
686,1596412800,396.51,369.34,371.13,386.3,12834648062.0
687,1596499200,400.7,382.99,386.16,389.88,14086704221.0
688,1596585600,406.3,386.22,389.71,401.59,12875466638.0
689,1596672000,403.49,392.6,401.58,394.96,11304626458.0
690,1596758400,398.25,367.94,395.23,379.51,12751687084.0
691,1596844800,393.99,377.35,379.55,393.99,9342060531.0
692,1596931200,399.74,385.83,395.31,391.12,9451065592.0
693,1597017600,399.38,391.04,391.04,395.89,11685827893.0
694,1597104000,398.48,370.86,395.89,380.38,12792218737.0
695,1597190400,391.31,367.92,380.06,391.02,12408772745.0
696,1597276800,432.9,379.71,390.84,428.74,18480303526.0
697,1597363200,444.58,423.35,428.68,437.4,15064589987.0
698,1597449600,441.75,429.87,437.56,433.35,12416067894.0
699,1597536000,436.27,415.09,433.35,433.79,12168816874.0
700,1597622400,442.73,422.65,433.97,429.53,13227089410.0
701,1597708800,432.58,419.67,429.67,423.67,11978984079.0
702,1597795200,427.02,396.68,423.74,406.46,13137391167.0
703,1597881600,418.73,404.03,406.76,416.44,10043032427.0
704,1597968000,418.64,387.44,416.15,389.13,11781796374.0
705,1598054400,396.47,382.81,389.03,395.84,10131847985.0
706,1598140800,396.49,385.04,395.56,391.38,8137303970.0
707,1598227200,409.39,389.31,391.68,408.14,10328860398.0
708,1598313600,408.53,374.36,408.07,384.0,12428442042.0
709,1598400000,391.87,378.71,383.98,386.47,9967343483.0
710,1598486400,395.35,374.87,386.61,382.63,10457777652.0
711,1598572800,397.76,381.27,382.63,395.87,9120674421.0
712,1598659200,405.62,393.04,395.69,399.92,8777703481.0
713,1598745600,428.66,399.61,399.62,428.4,11211948040.0
714,1598832000,438.56,419.77,428.51,435.08,12774741797.0
715,1598918400,487.21,432.08,434.87,477.05,18862763756.0
716,1599004800,480.33,424.46,477.01,440.04,19691854014.0
717,1599091200,449.53,381.13,440.24,385.67,19622845896.0
718,1599177600,402.41,371.64,384.67,388.24,16747106257.0
719,1599264000,394.17,316.77,388.04,335.26,29880047640.0
720,1599350400,359.76,319.04,335.33,353.36,27643678917.0
721,1599436800,358.21,326.25,353.45,352.67,21763614732.0
722,1599523200,355.56,328.82,353.2,337.6,17991403432.0
723,1599609600,359.16,332.17,337.82,351.11,14547933520.0
724,1599696000,377.39,351.11,351.43,368.1,31421134556.0
725,1599782400,376.63,355.58,368.12,374.7,27296269329.0
726,1599868800,387.54,367.84,374.6,387.18,13295405814.0
727,1599955200,388.96,354.34,387.52,365.57,15005899191.0
728,1600041600,384.49,357.57,365.7,377.27,17536695361.0
729,1600128000,381.51,363.61,377.15,364.84,16140584321.0
730,1600214400,372.77,356.68,364.74,365.81,16107612177.0
731,1600300800,393.9,364.8,365.87,389.02,19899531080.0
732,1600387200,391.9,376.96,389.34,384.36,14108357740.0
733,1600473600,387.08,378.72,384.04,385.54,11049507684.0
734,1600560000,385.6,367.09,385.6,371.05,12292195784.0
735,1600646400,375.74,336.07,371.4,341.79,17398267133.0
736,1600732800,346.6,336.86,341.72,344.5,12732578043.0
737,1600819200,344.67,318.97,344.59,321.12,12899346599.0
738,1600905600,351.46,318.55,320.99,349.36,15714304470.0
739,1600992000,357.77,339.02,349.41,352.18,14381086966.0
740,1601078400,355.85,348.11,352.35,355.49,13049148579.0
741,1601164800,361.98,349.83,354.96,357.44,13598126926.0
742,1601251200,366.43,354.55,357.93,355.16,14258455166.0
743,1601337600,360.35,352.15,354.36,359.76,11600013236.0
744,1601424000,361.18,353.33,360.04,359.94,11818610610.0
745,1601510400,369.26,346.48,360.31,353.21,14679481911.0
746,1601596800,354.12,336.47,352.95,346.24,14215390463.0
747,1601683200,351.31,344.67,346.22,346.52,10060167889.0
748,1601769600,354.05,345.13,346.6,352.58,10696959020.0
749,1601856000,355.21,349.68,352.74,353.96,11809507622.0
750,1601942400,354.99,338.0,353.96,340.82,12830796112.0
751,1602028800,342.45,334.55,340.94,341.81,11929918060.0
752,1602115200,352.21,335.65,342.04,350.77,13461017711.0
753,1602201600,368.31,348.21,351.11,365.59,13043501763.0
754,1602288000,378.27,365.35,365.4,370.97,13618484324.0
755,1602374400,377.25,369.83,370.93,375.14,12584512533.0
756,1602460800,395.12,366.64,374.8,387.73,15867455424.0
757,1602547200,387.38,375.58,387.14,381.19,14226744838.0
758,1602633600,387.3,374.18,381.97,379.48,13918846567.0
759,1602720000,381.21,371.35,379.19,377.44,14964182545.0
760,1602806400,380.02,362.6,377.87,366.23,14670784817.0
761,1602892800,369.77,364.49,366.02,368.86,10951115359.0
762,1602979200,378.6,368.13,368.73,378.21,11047103109.0
763,1603065600,383.32,373.7,378.47,379.94,12811242092.0
764,1603152000,380.76,367.6,379.72,369.14,13741586582.0
765,1603238400,400.63,368.73,369.06,392.19,20241324322.0
766,1603324800,420.14,391.28,391.49,413.77,15772846485.0
767,1603411200,418.96,403.08,414.05,409.77,14256222052.0
768,1603497600,416.6,407.85,409.77,412.46,12201739194.0
769,1603584000,417.16,405.35,412.46,406.22,10890207469.0
770,1603670400,411.28,383.78,406.22,393.89,15155684229.0
771,1603756800,409.77,390.61,393.89,404.0,13940434102.0
772,1603843200,408.96,381.15,404.0,388.65,15276441134.0
773,1603929600,393.23,381.29,388.65,386.73,12920477749.0
774,1604016000,391.46,375.09,386.73,382.82,13688056970.0
775,1604102400,393.01,381.3,382.82,386.59,11276963426.0
776,1604188800,397.12,385.17,386.59,396.36,10475146018.0
777,1604275200,403.24,381.02,396.36,383.16,13997574252.0
778,1604361600,389.52,371.31,383.16,387.6,12588494762.0
779,1604448000,407.67,377.83,387.6,402.14,15126077675.0
780,1604534400,417.53,397.25,402.14,414.07,15440711038.0
781,1604620800,456.2,412.98,414.07,454.72,16738305610.0
782,1604707200,465.68,428.46,454.72,435.71,18873289788.0
783,1604793600,457.78,433.15,435.72,453.55,11292383601.0
784,1604880000,457.35,435.16,453.57,444.16,13704320630.0
785,1604966400,453.76,439.6,444.17,449.68,12090381666.0
786,1605052800,473.58,449.52,449.68,462.96,14075403511.0
787,1605139200,467.68,452.07,462.96,461.01,12877327234.0
788,1605225600,475.22,457.3,461.01,474.63,13191505725.0
789,1605312000,475.16,452.99,474.63,460.15,10312037942.0
790,1605398400,460.99,440.25,460.15,447.56,10308617165.0
791,1605484800,463.83,445.5,447.56,459.94,11441239444.0
792,1605571200,482.23,460.78,464.41,480.36,14593057877.0
793,1605657600,492.0,465.83,480.35,479.48,17880199224.0
794,1605744000,480.12,465.7,479.48,471.63,12473929218.0
795,1605830400,513.61,471.63,471.63,509.74,18629943296.0
796,1605916800,550.23,504.24,509.74,549.49,20757099184.0
797,1606003200,579.37,514.52,549.49,558.07,21967049601.0
798,1606089600,609.99,551.27,558.06,608.45,27272302872.0
799,1606176000,621.17,593.84,608.52,603.9,23281758100.0
800,1606262400,605.09,559.67,603.9,570.69,20088492893.0
801,1606348800,575.64,485.5,570.51,518.8,31104004592.0
802,1606435200,530.78,497.24,519.11,517.49,16831105703.0
803,1606521600,548.04,508.13,517.6,538.23,14770243833.0
804,1606608000,576.6,531.99,538.26,575.76,15017517758.0
805,1606694400,615.24,571.54,575.76,614.84,20276867833.0
806,1606780800,635.16,571.75,615.07,587.32,27178964465.0
807,1606867200,604.02,578.74,587.26,598.35,16883292129.0
808,1606953600,622.45,588.35,598.46,616.71,16146190946.0
809,1607040000,618.98,569.28,616.72,569.35,16337589997.0
810,1607126400,596.6,563.11,569.35,596.6,13498010566.0
811,1607212800,606.79,584.41,596.57,601.91,11290893016.0
812,1607299200,602.92,585.43,601.8,591.84,10720480962.0
813,1607385600,594.75,552.47,591.9,554.83,14398919320.0
814,1607472000,577.29,533.0,554.79,573.48,15855915840.0
815,1607558400,574.6,549.78,573.5,559.68,11672582040.0
816,1607644800,560.38,537.81,559.68,545.8,11098819124.0
817,1607731200,573.34,545.25,545.58,568.57,8534557897.0
818,1607817600,593.78,564.57,568.61,589.66,9070377862.0
819,1607904000,590.49,577.12,589.78,586.01,8125837102.0
820,1607990400,596.25,580.63,586.02,589.36,9326645840.0
821,1608076800,636.64,582.04,589.38,636.18,15817248373.0
822,1608163200,673.83,628.75,636.15,642.87,25479532147.0
823,1608249600,662.7,632.36,642.92,654.81,15756303983.0
824,1608336000,668.77,646.62,654.62,659.3,12830893778.0
825,1608422400,659.92,625.01,659.19,638.29,13375855442.0
826,1608508800,646.85,600.84,638.32,609.82,14419493621.0
827,1608595200,635.08,589.55,609.42,634.85,14745890080.0
828,1608681600,637.12,560.36,634.82,583.71,15261413038.0
829,1608768000,613.82,568.6,584.14,611.61,14317413703.0
830,1608854400,633.06,605.42,611.55,626.41,13520927700.0
831,1608940800,650.72,617.4,626.5,635.84,14761125202.0
832,1609027200,711.39,628.33,635.89,682.64,26093552821.0
833,1609113600,745.88,683.21,683.21,730.4,24222565862.0
834,1609200000,737.95,692.15,730.36,731.52,18710683199.0
835,1609286400,754.3,720.99,731.47,751.62,17294574210.0
836,1609372800,754.3,726.51,751.63,737.8,13926846861.0
837,1609459200,749.2,719.79,737.71,730.37,13652004358.0
838,1609545600,786.8,718.11,730.4,774.53,19740771179.0
839,1609632000,1006.57,771.56,774.51,975.51,45200463368.0
840,1609718400,1153.19,912.31,977.06,1040.23,56945985763.0
841,1609804800,1129.37,986.81,1041.5,1100.01,41535932781.0
842,1609891200,1209.43,1064.23,1101.01,1207.11,44699914188.0
843,1609977600,1282.58,1167.44,1208.08,1225.68,40468027280.0
844,1610064000,1273.83,1076.08,1225.97,1224.2,44334826666.0
845,1610150400,1303.87,1182.27,1223.74,1281.08,33233105361.0
846,1610236800,1347.93,1194.72,1280.87,1262.25,40616938053.0
847,1610323200,1261.62,924.92,1261.62,1090.15,60733630300.0
848,1610409600,1149.24,1012.76,1088.53,1043.43,37494601692.0
849,1610496000,1134.34,994.55,1043.74,1130.74,30109792795.0
850,1610582400,1244.16,1093.06,1130.23,1218.45,33410915929.0
851,1610668800,1250.51,1090.72,1221.88,1171.83,35972039310.0
852,1610755200,1290.05,1157.62,1171.44,1233.54,32319240157.0
853,1610841600,1265.64,1174.39,1233.45,1230.17,29258032819.0
854,1610928000,1259.45,1187.31,1230.31,1257.28,25817455560.0
855,1611014400,1432.3,1254.52,1257.43,1377.3,47195935190.0
856,1611100800,1405.74,1243.3,1375.25,1382.27,46784030909.0
857,1611187200,1382.68,1098.48,1382.68,1121.57,45932464754.0
858,1611273600,1271.69,1046.6,1118.89,1236.51,43918338506.0
859,1611360000,1272.15,1200.89,1235.27,1230.99,27253895441.0
860,1611446400,1395.11,1225.27,1231.21,1391.61,36418163554.0
861,1611532800,1467.78,1304.97,1390.64,1324.41,43565777745.0
862,1611619200,1376.09,1253.34,1323.74,1357.06,41572917750.0
863,1611705600,1368.07,1215.31,1358.33,1253.19,39394416990.0
864,1611792000,1356.29,1226.17,1251.28,1332.49,34637234789.0
865,1611878400,1428.98,1292.24,1369.09,1382.52,53611955259.0
866,1611964800,1402.4,1328.53,1382.23,1376.12,30616574234.0
867,1612051200,1378.92,1288.5,1376.82,1314.99,25198853581.0
868,1612137600,1373.85,1274.36,1314.86,1369.04,29210670920.0
869,1612224000,1542.99,1362.77,1369.51,1515.19,45437142801.0
870,1612310400,1660.91,1510.01,1514.77,1660.91,41874566399.0
871,1612396800,1689.19,1561.85,1661.17,1594.76,44396871836.0
872,1612483200,1756.51,1594.79,1594.79,1718.65,40108628454.0
873,1612569600,1738.31,1649.07,1717.8,1677.85,39873420648.0
874,1612656000,1690.04,1501.75,1677.61,1614.23,39889440151.0
875,1612742400,1770.59,1571.58,1613.64,1746.62,48012285956.0
876,1612828800,1815.96,1711.62,1746.93,1768.04,44180727529.0
877,1612915200,1826.7,1686.54,1768.04,1744.24,41916084617.0
878,1613001600,1806.54,1708.68,1743.71,1783.8,36021495262.0
879,1613088000,1861.36,1744.17,1783.49,1843.53,37905036865.0
880,1613174400,1871.6,1770.61,1843.99,1814.11,35359490535.0
881,1613260800,1848.15,1789.91,1814.37,1805.08,31439114900.0
882,1613347200,1833.83,1683.91,1804.68,1779.79,38955610883.0
883,1613433600,1824.52,1729.64,1778.95,1781.07,34269369268.0
884,1613520000,1853.67,1736.71,1781.35,1848.46,35955412703.0
885,1613606400,1949.9,1848.21,1848.21,1937.45,28255902969.0
886,1613692800,1969.55,1896.68,1938.86,1960.16,26268814253.0
887,1613779200,2036.29,1830.53,1959.9,1919.53,34696091102.0
888,1613865600,1974.26,1890.37,1918.67,1935.6,23626547717.0
889,1613952000,1936.45,1580.63,1935.56,1781.99,42409646036.0
890,1614038400,1781.41,1378.84,1781.41,1570.2,52029864713.0
891,1614124800,1710.98,1511.02,1571.48,1626.58,31329000537.0
892,1614211200,1670.22,1465.06,1625.39,1475.7,24481681873.0
893,1614297600,1559.03,1407.98,1478.65,1446.03,31435997881.0
894,1614384000,1524.93,1433.79,1446.93,1459.97,20742103233.0
895,1614470400,1468.39,1300.47,1459.86,1416.05,27637026080.0
896,1614556800,1567.69,1416.42,1417.15,1564.71,24032838645.0
897,1614643200,1597.61,1461.33,1564.06,1492.61,22523669722.0
898,1614729600,1650.36,1481.91,1491.45,1575.85,22674780680.0
899,1614816000,1622.95,1511.1,1574.62,1541.91,22906118718.0
900,1614902400,1547.88,1450.89,1541.54,1533.28,21067146937.0
901,1614988800,1669.11,1519.14,1532.37,1654.74,22746262366.0
902,1615075200,1730.92,1636.56,1655.39,1723.15,23809935410.0
903,1615161600,1835.19,1670.94,1724.23,1834.73,27630991158.0
904,1615248000,1868.05,1804.27,1835.15,1868.05,23461244507.0
905,1615334400,1873.8,1766.49,1868.49,1799.17,25154173185.0
906,1615420800,1843.82,1734.62,1798.03,1826.19,24013132909.0
907,1615507200,1839.5,1728.98,1826.55,1772.1,22435821312.0
908,1615593600,1937.65,1733.64,1772.17,1924.69,25014689475.0
909,1615680000,1930.78,1845.12,1923.86,1854.56,19344589211.0
910,1615766400,1889.2,1749.61,1854.09,1791.7,26244738810.0
911,1615852800,1817.06,1720.05,1792.41,1806.97,23828509590.0
912,1615939200,1839.82,1749.18,1807.06,1823.45,24512917348.0
913,1616025600,1848.65,1705.72,1823.16,1782.86,23263845504.0
914,1616112000,1841.2,1746.47,1782.57,1817.62,21249297710.0
915,1616198400,1874.71,1811.73,1817.52,1812.63,22677674970.0
916,1616284800,1823.35,1764.14,1812.61,1788.22,22977404620.0
917,1616371200,1811.97,1674.3,1788.36,1691.33,23599296129.0
918,1616457600,1725.11,1662.54,1690.87,1678.65,21998237965.0
919,1616544000,1740.43,1570.79,1678.0,1593.41,31228051473.0
920,1616630400,1625.91,1560.37,1593.12,1595.36,29650328701.0
921,1616716800,1702.92,1594.74,1595.21,1702.84,22548516548.0
922,1616803200,1732.82,1674.32,1703.04,1716.49,18102277710.0
923,1616889600,1728.58,1672.66,1716.41,1691.36,16599472938.0
924,1616976000,1837.19,1683.72,1691.26,1819.68,22796570548.0
925,1617062400,1860.97,1793.92,1819.47,1846.03,22512781703.0
926,1617148800,1947.84,1793.0,1846.1,1918.36,30226902621.0
927,1617235200,1989.06,1912.18,1919.16,1977.28,30914259795.0
928,1617321600,2152.45,1960.68,1976.93,2143.23,34862511022.0
929,1617408000,2144.96,2028.42,2142.9,2028.42,32011518871.0
930,1617494400,2110.35,2007.11,2027.67,2093.12,26006501902.0
931,1617580800,2140.99,2032.39,2093.26,2107.89,28889391170.0
932,1617667200,2151.22,2057.61,2109.49,2118.38,29222865881.0
933,1617753600,2133.19,1945.44,2117.73,1971.08,36116271935.0
934,1617840000,2091.52,1959.08,1969.13,2088.57,25312956529.0
935,1617926400,2102.87,2055.16,2088.77,2072.11,19812472092.0
936,1618012800,2197.0,2062.79,2071.11,2135.94,24986243611.0
937,1618099200,2165.19,2119.87,2136.16,2157.66,19692836132.0
938,1618185600,2199.72,2110.37,2157.36,2139.35,21727936609.0
939,1618272000,2318.42,2138.56,2139.36,2299.19,29456642939.0
940,1618358400,2449.69,2284.56,2299.35,2435.1,35592822986.0
941,1618444800,2544.27,2409.92,2436.03,2519.12,32325606817.0
942,1618531200,2547.56,2318.68,2516.6,2431.95,36196928256.0
943,1618617600,2497.39,2333.68,2429.98,2344.9,32349808978.0
944,1618704000,2365.46,2011.77,2346.45,2237.14,50696368718.0
945,1618790400,2276.78,2086.69,2238.03,2166.19,34060654971.0
946,1618876800,2345.83,2060.14,2161.94,2330.21,39433483315.0
947,1618963200,2467.2,2238.37,2331.16,2364.75,38899067643.0
948,1619049600,2641.09,2315.96,2357.87,2403.54,53575904724.0
949,1619136000,2439.54,2117.04,2401.26,2363.59,55413933925.0
950,1619222400,2367.74,2163.69,2367.2,2211.63,31854226936.0
951,1619308800,2354.09,2172.52,2214.41,2316.06,31814355546.0
952,1619395200,2536.34,2308.32,2319.48,2534.48,35208325408.0
953,1619481600,2676.39,2485.38,2534.03,2662.87,32275969215.0
954,1619568000,2757.48,2564.08,2664.69,2746.38,34269031076.0
955,1619654400,2797.97,2672.11,2748.65,2756.88,32578127990.0
956,1619740800,2796.05,2728.17,2757.73,2773.21,29777179889.0
957,1619827200,2951.44,2755.91,2772.84,2945.89,28726205272.0
958,1619913600,2984.89,2860.53,2945.56,2952.06,28032013047.0
959,1620000000,3450.04,2951.18,2951.18,3431.09,49174290212.0
960,1620086400,3523.59,3180.74,3431.13,3253.63,62402045158.0
961,1620172800,3541.46,3213.1,3240.55,3522.78,48334198383.0
962,1620259200,3598.9,3386.24,3524.93,3490.88,44300394788.0
963,1620345600,3573.29,3370.26,3490.11,3484.73,39607240515.0
964,1620432000,3950.17,3453.77,3481.99,3902.65,50208491286.0
965,1620518400,3981.26,3743.99,3911.46,3928.84,50568290278.0
966,1620604800,4197.47,3684.45,3924.41,3952.29,62691789007.0
967,1620691200,4178.21,3783.89,3948.27,4168.7,52679737865.0
968,1620777600,4362.35,3785.85,4174.64,3785.85,69023382175.0
969,1620864000,4032.56,3549.41,3828.92,3715.15,78398214539.0
970,1620950400,4171.02,3703.4,3720.12,4079.06,48174271215.0
971,1621036800,4129.19,3638.12,4075.95,3638.12,42422321751.0
972,1621123200,3878.9,3350.95,3641.83,3587.51,47359478734.0
973,1621209600,3587.77,3129.01,3581.34,3282.4,54061732774.0
974,1621296000,3562.47,3246.4,3276.87,3380.07,40416525218.0
975,1621382400,3437.94,1952.46,3382.66,2460.68,84482912776.0
976,1621468800,2993.15,2170.23,2439.64,2784.29,67610826680.0
977,1621555200,2938.21,2113.35,2772.34,2430.62,53774070802.0
978,1621641600,2483.98,2168.12,2436.01,2295.71,42089937660.0
979,1621728000,2384.41,1737.47,2298.37,2109.58,56005721977.0
980,1621814400,2672.6,2090.64,2099.94,2643.59,53697121740.0
981,1621900800,2750.53,2394.36,2649.03,2706.63,49558333256.0
982,1621987200,2911.74,2652.09,2707.05,2888.7,42499766020.0
983,1622073600,2888.75,2642.61,2888.75,2736.49,33373635283.0
984,1622160000,2761.36,2336.36,2742.47,2419.91,39999114805.0
985,1622246400,2566.94,2208.49,2414.07,2279.51,33773720220.0
986,1622332800,2472.19,2188.83,2278.29,2390.31,25876619428.0
987,1622419200,2715.85,2279.51,2387.2,2714.95,31007383150.0
988,1622505600,2739.74,2531.16,2707.56,2633.52,27363223090.0
989,1622592000,2801.39,2555.4,2634.46,2706.13,27723267359.0
990,1622678400,2891.25,2667.68,2708.38,2855.13,30038207402.0
991,1622764800,2857.17,2562.64,2857.17,2688.2,34173841611.0
992,1622851200,2817.48,2558.23,2691.62,2630.58,30496672724.0
993,1622937600,2743.44,2616.16,2629.75,2715.09,25311639414.0
994,1623024000,2845.19,2584.0,2713.05,2590.26,30600111277.0
995,1623110400,2620.85,2315.55,2594.6,2517.44,41909736778.0
996,1623196800,2625.07,2412.2,2510.2,2608.27,36075832186.0
997,1623283200,2619.96,2435.4,2611.14,2471.52,28753626390.0
998,1623369600,2495.41,2326.87,2472.86,2353.77,24832564195.0
999,1623456000,2447.23,2265.76,2354.75,2372.48,25724364410.0
1000,1623542400,2547.37,2312.64,2372.69,2508.39,27092945370.0
1001,1623628800,2606.43,2469.39,2508.77,2537.89,26964576331.0
1002,1623715200,2639.23,2515.15,2587.76,2610.94,29005279219.0
1003,1623801600,2554.63,2354.35,2544.86,2367.66,24101926180.0
1004,1623888000,2457.18,2312.3,2367.31,2372.0,21871633186.0
1005,1623974400,2377.2,2147.31,2374.59,2231.73,22752818388.0
1006,1624060800,2278.42,2168.89,2235.16,2178.5,18765854896.0
1007,1624147200,2275.38,2049.96,2171.34,2246.36,22535930423.0
1008,1624233600,2259.46,1867.19,2245.32,1888.45,33745173825.0
1009,1624320000,1993.16,1707.6,1886.67,1874.95,35547251725.0
1010,1624406400,2043.53,1827.57,1878.63,1989.74,28408659206.0
1011,1624492800,2032.34,1887.43,1968.96,1988.46,20272845769.0
1012,1624579200,2017.76,1794.4,1989.22,1813.22,22774334998.0
1013,1624665600,1850.18,1719.56,1810.88,1829.24,20637542361.0
1014,1624752000,1979.96,1811.25,1831.0,1978.89,19885474742.0
1015,1624838400,2139.81,1963.62,1981.39,2079.66,25514602841.0
1016,1624924800,2242.24,2076.24,2083.45,2160.77,24815124419.0
1017,1625011200,2282.99,2090.76,2164.22,2274.55,25828056268.0
1018,1625097600,2274.4,2081.08,2274.4,2113.61,29061701793.0
1019,1625184000,2155.6,2021.82,2109.89,2150.04,31796212554.0
1020,1625270400,2237.57,2117.59,2150.83,2226.11,17433361641.0
1021,1625356800,2384.29,2190.84,2226.55,2321.72,18787107473.0
1022,1625443200,2321.92,2163.04,2321.92,2198.58,20103794829.0
1023,1625529600,2346.29,2197.92,2197.92,2324.68,20891861314.0
1024,1625616000,2403.77,2298.03,2323.21,2315.16,22398345285.0
1025,1625702400,2324.01,2089.41,2317.95,2120.03,23188123689.0
1026,1625788800,2185.38,2051.07,2115.57,2146.69,23029574602.0
1027,1625875200,2190.12,2081.92,2147.0,2111.4,17581542471.0
1028,1625961600,2172.65,2083.8,2110.88,2139.66,14705386138.0
1029,1626048000,2167.71,2011.02,2140.51,2036.72,17768129077.0
1030,1626134400,2040.69,1922.58,2034.1,1940.08,16621628658.0
1031,1626220800,2015.11,1869.22,1941.17,1994.33,17342819679.0
1032,1626307200,2037.74,1883.27,1994.71,1911.18,15688092552.0
1033,1626393600,1959.7,1853.59,1916.6,1880.38,14884569147.0
1034,1626480000,1917.6,1855.59,1876.88,1898.83,13364282076.0
1035,1626566400,1988.34,1883.01,1900.19,1895.55,13791868728.0
1036,1626652800,1916.12,1807.91,1893.05,1817.3,14157735481.0
1037,1626739200,1837.0,1722.05,1819.08,1787.51,17368597636.0
1038,1626825600,2025.68,1759.02,1786.28,1990.97,21253359756.0
1039,1626912000,2044.12,1954.3,1994.82,2025.2,17495480331.0
1040,1626998400,2129.44,2000.44,2025.11,2124.78,16200392492.0
1041,1627084800,2197.65,2107.32,2123.96,2189.22,16057446601.0
1042,1627171200,2194.44,2108.83,2187.15,2191.37,14566483636.0
1043,1627257600,2428.82,2177.33,2191.31,2233.37,29614324233.0
1044,1627344000,2316.95,2154.73,2230.2,2298.33,23067480378.0
1045,1627430400,2341.78,2250.91,2302.08,2296.55,18991302378.0
1046,1627516800,2396.45,2273.4,2299.01,2380.96,16313373113.0
1047,1627603200,2469.7,2322.34,2382.55,2466.96,20212848934.0
1048,1627689600,2551.16,2423.82,2461.58,2536.21,18001710283.0
1049,1627776000,2695.43,2520.93,2530.46,2561.85,22697987055.0
1050,1627862400,2665.73,2511.38,2557.77,2610.15,22162754104.0
1051,1627948800,2630.31,2449.35,2609.41,2502.35,22696753413.0
1052,1628035200,2764.44,2463.47,2508.54,2724.62,25038698173.0
1053,1628121600,2840.43,2540.68,2725.67,2827.33,31057928075.0
1054,1628208000,2944.9,2727.79,2827.5,2890.94,26528577879.0
1055,1628294400,3170.23,2868.54,2891.71,3157.24,33081467129.0
1056,1628380800,3184.6,2951.75,3161.23,3013.73,28433638008.0
1057,1628467200,3185.7,2900.93,3012.89,3167.86,31983260936.0
1058,1628553600,3228.94,3059.23,3163.05,3141.69,27605221710.0
1059,1628640000,3269.21,3122.92,3142.83,3164.25,26729035052.0
1060,1628726400,3236.31,2984.17,3164.18,3043.41,25403699845.0
1061,1628812800,3324.67,3037.68,3049.0,3322.21,23868866254.0
1062,1628899200,3329.28,3214.52,3322.76,3265.44,19860862133.0
1063,1628985600,3320.08,3117.79,3266.28,3310.5,22166205051.0
1064,1629072000,3333.99,3139.78,3309.42,3156.51,23080039949.0
1065,1629158400,3288.81,2996.47,3149.38,3014.85,25509056745.0
1066,1629244800,3124.98,2959.03,3011.96,3020.09,21539248425.0
1067,1629331200,3184.44,2963.15,3019.13,3182.7,19546290360.0
1068,1629417600,3298.25,3178.1,3182.16,3286.94,20885619828.0
1069,1629504000,3307.35,3209.87,3286.93,3226.08,18113977628.0
1070,1629590400,3272.73,3142.01,3226.23,3242.12,15983278460.0
1071,1629676800,3373.38,3235.85,3241.36,3319.26,20511110509.0
1072,1629763200,3358.69,3154.12,3324.86,3172.46,20131028906.0
1073,1629849600,3248.73,3086.11,3174.27,3224.92,18902728235.0
1074,1629936000,3249.66,3060.23,3228.75,3100.33,17405668117.0
1075,1630022400,3281.84,3064.49,3096.41,3270.6,18489602004.0
1076,1630108800,3284.85,3217.4,3275.1,3244.4,13709633698.0
1077,1630195200,3283.24,3158.84,3246.77,3227.0,13296586731.0
1078,1630281600,3346.58,3151.44,3227.19,3224.37,19306924485.0
1079,1630368000,3466.99,3195.22,3227.76,3433.73,27280502987.0
1080,1630454400,3836.87,3387.41,3430.76,3834.83,30070890104.0
1081,1630540800,3830.71,3726.75,3825.03,3790.99,24387397330.0
1082,1630627200,4022.47,3712.68,3787.49,3940.61,26207765094.0
1083,1630713600,3969.45,3837.93,3937.91,3887.83,20806963328.0
1084,1630800000,3979.19,3838.49,3886.33,3952.13,18371468576.0
1085,1630886400,3968.43,3868.99,3951.52,3928.38,18674691198.0
1086,1630972800,3945.31,3062.22,3926.53,3426.39,39131346397.0
1087,1631059200,3559.12,3224.76,3428.38,3497.32,31738430771.0
1088,1631145600,3562.99,3400.52,3452.55,3427.34,24118055831.0
1089,1631232000,3512.57,3157.06,3425.56,3211.51,22355974097.0
1090,1631318400,3346.53,3208.96,3209.03,3270.28,18627122934.0
1091,1631404800,3462.47,3235.11,3270.29,3410.13,16810411424.0
1092,1631491200,3426.5,3121.51,3407.47,3285.51,22721552948.0
1093,1631577600,3429.17,3273.63,3286.32,3429.17,19125420848.0
1094,1631664000,3615.28,3365.91,3431.22,3615.28,17548551804.0
1095,1631750400,3673.31,3489.81,3613.07,3571.29,20093903064.0
1096,1631836800,3589.31,3356.45,3569.57,3398.54,17722363229.0
1097,1631923200,3540.81,3371.89,3397.42,3432.02,15995220233.0
1098,1632009600,3448.32,3286.17,3433.29,3329.45,14257609743.0
1099,1632096000,3343.33,2940.84,3329.67,2958.99,27371684581.0
1100,1632182400,3101.7,2676.41,2977.31,2764.43,30405062665.0
1101,1632268800,3089.08,2741.44,2763.21,3077.87,23742102645.0
1102,1632355200,3173.54,3038.1,3077.97,3155.52,18516291047.0
1103,1632441600,3159.64,2747.34,3154.56,2931.67,25595422789.0
1104,1632528000,2968.99,2818.97,2930.88,2925.57,18932786754.0
1105,1632614400,3114.86,2744.58,2926.34,3062.27,21172766310.0
1106,1632700800,3163.67,2932.69,3065.84,2934.14,19164053681.0
1107,1632787200,2970.77,2793.36,2928.96,2807.3,16895079070.0
1108,1632873600,2946.88,2786.99,2809.3,2853.14,15763456158.0
1109,1632960000,3046.52,2840.29,2852.56,3001.68,17661065099.0
1110,1633046400,3329.85,2978.65,3001.13,3307.52,22307625573.0
1111,1633132800,3464.84,3260.03,3308.87,3391.69,19202671704.0
1112,1633219200,3484.61,3348.12,3390.77,3418.36,15516566862.0
1113,1633305600,3434.78,3283.45,3418.78,3380.09,17747154101.0
1114,1633392000,3541.45,3365.82,3381.78,3518.52,16632591670.0
1115,1633478400,3622.55,3354.47,3516.57,3580.56,21855226591.0
1116,1633564800,3650.01,3479.91,3576.81,3587.97,19090322927.0
1117,1633651200,3667.96,3547.83,3587.83,3563.76,16222029488.0
1118,1633737600,3628.24,3544.64,3560.0,3575.72,12707036942.0
1119,1633824000,3603.24,3414.97,3575.02,3425.85,16171746693.0
1120,1633910400,3622.29,3385.76,3419.73,3545.35,18579189588.0
1121,1633996800,3546.48,3407.34,3546.48,3492.57,18109578443.0
1122,1634083200,3607.74,3417.6,3492.75,3606.2,16211275589.0
1123,1634169600,3819.26,3590.28,3604.96,3786.01,19443499909.0
1124,1634256000,3895.47,3735.36,3790.15,3862.63,20966841512.0
1125,1634342400,3962.45,3805.89,3865.67,3830.38,16578095629.0
1126,1634428800,3914.9,3660.72,3829.86,3847.1,15908090346.0
1127,1634515200,3888.21,3686.75,3847.73,3748.76,17386204158.0
1128,1634601600,3883.93,3736.78,3747.16,3877.65,15998757133.0
1129,1634688000,4167.47,3833.29,3877.73,4155.99,20338319988.0
1130,1634774400,4366.09,4032.48,4161.71,4054.32,28220661820.0
1131,1634860800,4162.98,3908.34,4055.69,3970.18,19432937968.0
1132,1634947200,4171.66,3944.63,3971.36,4171.66,14781537792.0
1133,1635033600,4185.73,3967.12,4171.86,4087.9,14978083638.0
1134,1635120000,4236.67,4072.03,4084.43,4217.88,15995727040.0
1135,1635206400,4289.13,4106.82,4217.34,4131.1,17157714562.0
1136,1635292800,4299.15,3930.26,4132.17,3930.26,26219530404.0
1137,1635379200,4293.15,3905.71,3924.82,4287.32,25958154575.0
1138,1635465600,4455.74,4271.71,4288.69,4414.75,22967641914.0
1139,1635552000,4426.85,4252.49,4414.24,4325.65,14615490626.0
1140,1635638400,4394.45,4179.02,4322.74,4288.07,17498160238.0
1141,1635724800,4377.32,4160.97,4288.22,4324.63,17985288261.0
1142,1635811200,4599.95,4288.69,4322.5,4584.8,20794448222.0
1143,1635897600,4664.91,4462.98,4589.68,4607.19,21220463155.0
1144,1635984000,4606.52,4426.62,4604.68,4537.32,18415244464.0
1145,1636070400,4570.9,4447.49,4537.42,4486.24,15086003586.0
1146,1636156800,4531.0,4334.97,4482.65,4521.58,14429076700.0
1147,1636243200,4640.92,4510.98,4523.98,4620.55,13541376033.0
1148,1636329600,4822.36,4619.65,4619.65,4812.09,19290896267.0
1149,1636416000,4837.59,4718.04,4810.07,4735.07,20834172627.0
1150,1636502400,4859.5,4485.09,4733.36,4636.17,22748160545.0
1151,1636588800,4778.06,4580.99,4635.45,4730.38,17933201129.0
1152,1636675200,4808.74,4510.92,4724.31,4667.12,18316060208.0
1153,1636761600,4702.12,4582.18,4666.72,4651.46,14457436261.0
1154,1636848000,4689.84,4516.94,4648.63,4626.36,12172962219.0
1155,1636934400,4764.64,4546.6,4627.09,4557.5,16275851299.0
1156,1637020800,4891.7,4144.33,4570.48,4216.37,27417502801.0
1157,1637107200,4300.31,4107.13,4213.91,4287.59,22183461850.0
1158,1637193600,4343.56,3959.23,4287.8,4000.65,21383250893.0
1159,1637280000,4311.71,3982.92,3995.73,4298.31,20626269711.0
1160,1637366400,4434.39,4209.24,4298.35,4409.93,15448261277.0
1161,1637452800,4422.49,4255.46,4412.2,4269.73,14094831413.0
1162,1637539200,4302.02,4033.57,4266.51,4088.46,19752218877.0
1163,1637625600,4385.48,4069.77,4089.68,4340.76,22133497059.0
1164,1637712000,4376.88,4176.18,4340.04,4239.98,21838037128.0
1165,1637798400,4550.52,4249.77,4271.39,4274.74,18705358318.0
1166,1637884800,4550.84,3933.51,4522.21,4030.91,26281795488.0
1167,1637971200,4187.68,4033.51,4043.0,4096.91,16515693874.0
1168,1638057600,4297.92,3989.97,4101.65,4294.45,15953126340.0
1169,1638144000,4460.85,4284.5,4296.95,4445.1,19086475837.0
1170,1638230400,4753.27,4358.07,4447.77,4631.48,28626354111.0
1171,1638316800,4780.73,4530.27,4623.68,4586.99,27634826695.0
1172,1638403200,4628.92,4441.51,4586.33,4511.3,21502671027.0
1173,1638489600,4647.29,4100.15,4514.36,4220.71,25879591528.0
1174,1638576000,4242.73,3525.49,4227.76,4119.59,38478999182.0
1175,1638662400,4246.92,4040.22,4119.63,4198.32,25533062707.0
1176,1638748800,4375.52,3930.81,4199.0,4358.74,28229518513.0
1177,1638835200,4428.59,4264.32,4358.59,4315.06,22366213354.0
1178,1638921600,4453.11,4234.54,4311.67,4439.36,18704315119.0
1179,1639008000,4482.31,4078.84,4433.02,4119.82,22296131874.0
1180,1639094400,4227.11,3897.77,4113.59,3908.5,28014595631.0
1181,1639180800,4095.65,3846.05,3909.67,4084.45,19131502454.0
1182,1639267200,4173.61,3993.06,4084.81,4134.45,14057603914.0
1183,1639353600,4145.96,3680.61,4136.36,3784.23,23999841386.0
1184,1639440000,3866.63,3700.1,3782.82,3745.44,23836759957.0
1185,1639526400,4086.37,3664.72,3862.25,4018.39,26411188833.0
1186,1639612800,4110.37,3956.06,4020.42,3962.47,19825531254.0
1187,1639699200,3992.79,3711.42,3959.01,3879.49,23143541098.0
1188,1639785600,3993.83,3774.61,3880.29,3960.86,19530895889.0
1189,1639872000,4018.66,3894.4,3960.87,3922.59,16167785597.0
1190,1639958400,3980.1,3759.4,3923.7,3933.84,21589690675.0
1191,1640044800,4058.82,3918.84,3938.46,4020.26,16388555198.0
1192,1640131200,4073.79,3947.69,4018.7,3982.1,13921756199.0
1193,1640217600,4149.03,3897.23,3981.96,4108.02,18007273742.0
1194,1640304000,4134.11,4029.06,4111.35,4047.98,12769090623.0
1195,1640390400,4138.56,4027.93,4049.78,4093.28,10894785525.0
1196,1640476800,4105.02,4013.03,4094.15,4067.33,11197244172.0
1197,1640563200,4126.0,4033.49,4064.75,4037.55,11424360002.0
1198,1640649600,4037.54,3769.28,4037.54,3800.89,17299472803.0
1199,1640736000,3827.98,3612.8,3797.44,3628.53,15722555672.0
1200,1640822400,3767.56,3595.2,3632.22,3713.85,12925377999.0
1201,1640908800,3807.29,3636.87,3713.43,3682.63,14157285268.0
1202,1640995200,3769.92,3682.29,3683.05,3769.7,9776191466.0
1203,1641081600,3836.16,3727.36,3769.3,3829.56,9881471548.0
1204,1641168000,3836.2,3698.05,3829.54,3761.38,12080777893.0
1205,1641254400,3876.79,3723.35,3761.36,3794.06,14030925983.0
1206,1641340800,3842.06,3456.75,3794.27,3550.39,18061338502.0
1207,1641427200,3549.71,3335.38,3549.71,3418.41,24293791313.0
1208,1641513600,3420.46,3117.38,3417.84,3193.21,24494179209.0
1209,1641600000,3240.3,3020.88,3193.5,3091.97,16037732700.0
1210,1641686400,3206.79,3075.91,3091.7,3157.75,12334683863.0
1211,1641772800,3177.21,2947.68,3157.57,3083.1,19535744145.0
1212,1641859200,3247.51,3061.14,3082.99,3238.11,15211447193.0
1213,1641945600,3401.22,3216.72,3238.45,3372.26,16662871689.0
1214,1642032000,3396.97,3247.92,3372.1,3248.29,15294466275.0
1215,1642118400,3330.77,3203.82,3248.65,3310.0,13562957230.0
1216,1642204800,3364.54,3278.67,3309.84,3330.53,9619999078.0
1217,1642291200,3376.4,3291.56,3330.39,3350.92,9505934874.0
1218,1642377600,3355.82,3157.22,3350.95,3212.3,12344309617.0
1219,1642464000,3236.02,3096.12,3212.29,3164.03,13024154091.0
1220,1642550400,3171.16,3055.21,3163.85,3095.83,13187424144.0
1221,1642636800,3265.34,3000.91,3095.27,3001.12,10645922764.0
1222,1642723200,3029.08,2496.81,3002.96,2557.93,26796291874.0
1223,1642809600,2615.25,2330.25,2561.15,2405.18,27369692036.0
1224,1642896000,2542.14,2381.52,2406.92,2535.04,16481489511.0
1225,1642982400,2537.21,2172.3,2535.89,2440.35,28220804648.0
1226,1643068800,2498.51,2359.38,2440.39,2455.94,16179776932.0
1227,1643155200,2705.78,2417.68,2455.58,2468.03,21229909340.0
1228,1643241600,2510.45,2328.45,2467.19,2423.0,16126522783.0
1229,1643328000,2548.78,2367.83,2421.65,2547.09,14666227351.0
1230,1643414400,2627.61,2526.99,2546.59,2597.08,11172062661.0
1231,1643500800,2631.41,2550.46,2598.56,2603.47,9501221177.0
1232,1643587200,2697.74,2489.07,2603.26,2688.28,13778234614.0
1233,1643673600,2802.32,2682.62,2687.9,2792.12,13194846235.0
1234,1643760000,2802.21,2630.12,2791.96,2682.85,13876301217.0
1235,1643846400,2712.48,2587.78,2682.23,2679.16,12755505065.0
1236,1643932800,2983.59,2675.44,2681.06,2983.59,18987223729.0
1237,1644019200,3054.13,2966.78,2984.45,3014.65,13102093957.0
1238,1644105600,3061.26,2965.43,3014.96,3057.48,9466018022.0
1239,1644192000,3182.53,3002.93,3057.42,3142.47,15197063785.0
1240,1644278400,3219.47,3038.38,3143.01,3122.61,17136080906.0
1241,1644364800,3263.16,3063.16,3121.18,3239.46,13951308490.0
1242,1644451200,3271.32,3070.38,3240.11,3077.48,18629485080.0
1243,1644537600,3127.45,2888.71,3077.41,2927.38,16043881065.0
1244,1644624000,2980.08,2870.18,2927.39,2917.36,11254355757.0
1245,1644710400,2947.78,2845.4,2916.79,2883.46,9054963563.0
1246,1644796800,2957.96,2840.26,2880.19,2933.48,12164552172.0
1247,1644883200,3185.52,2917.86,2933.73,3179.88,13921257873.0
1248,1644969600,3181.62,3055.17,3180.45,3127.83,12352406833.0
1249,1645056000,3154.62,2861.85,3126.86,2881.48,15860206214.0
1250,1645142400,2937.31,2761.64,2884.34,2785.73,15748173433.0
1251,1645228800,2826.35,2707.38,2784.87,2763.7,9774183169.0
1252,1645315200,2763.76,2585.95,2763.76,2628.65,11641437834.0
1253,1645401600,2752.46,2568.25,2627.67,2573.82,18646392740.0
1254,1645488000,2648.92,2510.68,2572.9,2639.3,16360200507.0
1255,1645574400,2741.37,2587.41,2639.45,2590.36,13382637240.0
1256,1645660800,2689.05,2308.91,2588.17,2598.07,29312342666.0
1257,1645747200,2821.97,2579.21,2598.44,2764.54,17208902048.0
1258,1645833600,2849.42,2745.01,2764.99,2781.11,11724648351.0
1259,1645920000,2831.13,2581.62,2780.5,2621.8,16150857254.0
1260,1646006400,2929.18,2586.39,2621.17,2919.2,19266124733.0
1261,1646092800,3029.65,2868.94,2919.78,2972.49,18757425786.0
1262,1646179200,3026.87,2919.94,2972.47,2950.12,16636517503.0
1263,1646265600,2964.67,2797.32,2950.16,2834.47,13091199728.0
1264,1646352000,2835.18,2587.75,2834.99,2617.16,14496939024.0
1265,1646438400,2679.1,2596.99,2618.47,2664.83,8072368396.0
1266,1646524800,2673.64,2555.04,2664.94,2555.04,8872976607.0
1267,1646611200,2639.94,2455.59,2555.3,2497.77,14594098731.0
1268,1646697600,2618.17,2489.76,2497.72,2576.75,13922922903.0
1269,1646784000,2761.8,2573.66,2577.17,2729.78,14173665398.0
1270,1646870400,2729.12,2566.19,2729.12,2608.05,13292477213.0
1271,1646956800,2664.56,2534.69,2608.27,2559.56,12382419582.0
1272,1647043200,2606.44,2559.13,2559.66,2574.75,6532996574.0
1273,1647129600,2594.55,2503.89,2573.49,2518.94,8632000379.0
1274,1647216000,2604.03,2505.3,2518.49,2590.7,11244398839.0
1275,1647302400,2662.33,2515.77,2590.67,2620.15,12861105614.0
1276,1647388800,2781.31,2610.76,2620.03,2772.06,17915109769.0
1277,1647475200,2826.16,2751.56,2771.96,2814.85,12685265194.0
1278,1647561600,2973.62,2774.86,2814.43,2945.34,15830879093.0
1279,1647648000,2979.99,2910.8,2944.72,2946.26,11576463120.0
1280,1647734400,2956.97,2826.11,2946.55,2860.46,12684727326.0
1281,1647820800,2954.56,2838.25,2860.1,2897.98,15206116098.0
1282,1647907200,3040.38,2892.54,2897.77,2973.13,16830539230.0
1283,1647993600,3036.75,2933.31,2973.15,3031.07,16008767658.0
1284,1648080000,3118.39,3012.33,3031.06,3108.06,18070503166.0
1285,1648166400,3183.96,3087.49,3108.45,3106.67,17030503831.0
1286,1648252800,3146.83,3091.83,3106.41,3143.18,8876420740.0
1287,1648339200,3291.58,3130.0,3143.8,3291.58,13431866834.0
1288,1648425600,3424.02,3279.03,3292.32,3336.63,20620450770.0
1289,1648512000,3470.19,3335.02,3335.02,3401.99,19533323636.0
1290,1648598400,3435.29,3349.24,3401.53,3385.16,15302506131.0
1291,1648684800,3435.13,3272.93,3385.29,3281.64,17685495686.0
1292,1648771200,3467.56,3223.89,3282.58,3449.55,20982988937.0
1293,1648857600,3521.28,3442.0,3449.79,3445.06,23571556215.0
1294,1648944000,3573.96,3421.26,3444.81,3522.83,15333808649.0
1295,1649030400,3535.15,3422.0,3522.36,3521.24,18209969743.0
1296,1649116800,3546.71,3410.55,3521.24,3411.79,16681503199.0
1297,1649203200,3411.67,3171.21,3411.67,3171.69,25632563639.0
1298,1649289600,3263.47,3155.58,3172.2,3233.27,16745496605.0
1299,1649376000,3301.61,3179.14,3233.27,3192.07,17557050669.0
1300,1649462400,3261.96,3187.47,3191.98,3261.92,9908112156.0
1301,1649548800,3303.0,3211.87,3261.29,3211.87,10427054790.0
1302,1649635200,3214.46,2962.76,3209.58,2981.05,21891804831.0
1303,1649721600,3077.45,2957.87,2981.42,3030.38,20235707410.0
1304,1649808000,3123.58,3006.48,3029.88,3118.34,16088473629.0
1305,1649894400,3139.93,2988.44,3117.82,3019.91,15821419931.0
1306,1649980800,3044.29,3001.12,3020.13,3040.92,11256651536.0
1307,1650067200,3074.89,3016.42,3041.12,3062.31,8766710365.0
1308,1650153600,3075.78,2989.04,3061.88,2993.4,10463091281.0
1309,1650240000,3062.52,2893.91,2993.48,3057.61,18629381299.0
1310,1650326400,3125.08,3035.54,3057.57,3104.11,14156035096.0
1311,1650412800,3157.89,3045.29,3103.94,3077.75,15547362265.0
1312,1650499200,3173.45,2962.41,3077.83,2987.48,20783591093.0
1313,1650585600,3024.85,2942.36,2986.94,2964.84,16782795477.0
1314,1650672000,2975.32,2926.74,2964.8,2938.11,9116955609.0
1315,1650758400,2961.88,2922.13,2937.35,2922.73,9696829579.0
1316,1650844800,3018.42,2804.51,2922.99,3009.39,22332690614.0
1317,1650931200,3026.42,2786.25,3008.95,2808.3,19052045399.0
1318,1651017600,2911.88,2802.27,2808.65,2888.93,17419284041.0
1319,1651104000,2973.14,2861.82,2888.85,2936.94,18443524633.0
1320,1651190400,2943.45,2782.44,2936.78,2815.6,18771041399.0
1321,1651276800,2836.83,2727.41,2815.53,2730.19,13520941867.0
1322,1651363200,2838.7,2728.08,2729.99,2827.76,15332730152.0
1323,1651449600,2874.15,2785.52,2827.61,2857.41,18609741545.0
1324,1651536000,2859.19,2762.12,2857.15,2783.48,13026093219.0
1325,1651622400,2956.69,2779.27,2783.13,2940.64,18186749944.0
1326,1651708800,2948.96,2704.92,2940.23,2749.21,22642925048.0
1327,1651795200,2754.84,2645.34,2748.93,2694.98,21027599270.0
1328,1651881600,2696.65,2599.52,2694.99,2636.09,13369276367.0
1329,1651968000,2638.83,2498.43,2636.12,2517.46,20802269935.0
1330,1652054400,2528.26,2238.06,2518.51,2245.43,36333567678.0
1331,1652140800,2450.76,2206.76,2242.65,2343.51,38202099639.0
1332,1652227200,2441.08,2018.86,2342.75,2072.11,45743399154.0
1333,1652313600,2170.46,1748.3,2072.5,1961.7,42463486402.0
1334,1652400000,2139.71,1941.98,1960.12,2014.42,24816096567.0
1335,1652486400,2063.43,1956.57,2014.28,2056.27,15457044616.0
1336,1652572800,2147.19,2008.16,2056.18,2145.71,14846088335.0
1337,1652659200,2145.84,1988.81,2145.84,2022.73,21459552191.0
1338,1652745600,2113.06,2015.97,2022.88,2090.41,18509929297.0
1339,1652832000,2102.33,1916.66,2090.46,1916.66,17740965589.0
1340,1652918400,2028.39,1907.02,1916.15,2018.34,18734247914.0
1341,1653004800,2054.8,1926.68,2018.0,1961.32,15892482289.0
1342,1653091200,1985.4,1944.27,1961.02,1974.52,8546822406.0
1343,1653177600,2047.19,1966.04,1974.67,2043.17,10941123403.0
1344,1653264000,2080.33,1964.39,2042.34,1972.18,16434529708.0
1345,1653350400,1991.54,1920.69,1972.39,1978.98,13057109007.0
1346,1653436800,2014.37,1943.94,1978.68,1944.83,13364545730.0
1347,1653523200,1962.17,1759.2,1945.03,1803.91,23458681818.0
1348,1653609600,1814.66,1721.26,1802.54,1724.92,25470760032.0
1349,1653696000,1757.94,1724.64,1724.64,1757.94,23214777872.0
1350,1653782400,1818.78,1765.94,1792.18,1812.03,10642556101.0
1351,1653868800,2005.21,1804.46,1811.89,1996.44,19580808705.0
1352,1653955200,2005.49,1932.35,1996.41,1942.33,18363115560.0
1353,1654041600,1965.17,1776.05,1942.05,1823.57,21037797760.0
1354,1654128000,1845.31,1789.66,1822.41,1834.15,17065041354.0
1355,1654214400,1840.06,1746.51,1834.14,1775.08,14878001811.0
1356,1654300800,1810.3,1751.53,1775.22,1801.61,8677951273.0
1357,1654387200,1825.86,1777.13,1801.82,1805.2,8850385937.0
1358,1654473600,1915.03,1804.99,1805.64,1859.29,16518471852.0
1359,1654560000,1862.91,1729.41,1859.33,1814.05,24020076750.0
1360,1654646400,1830.68,1770.23,1814.1,1793.57,18041476023.0
1361,1654732800,1827.29,1779.87,1793.51,1789.83,12013083393.0
1362,1654819200,1797.61,1663.43,1789.69,1665.04,18504740451.0
1363,1654905600,1679.31,1507.04,1665.22,1529.66,21127089064.0
1364,1654992000,1539.71,1436.18,1530.19,1445.22,23465074882.0
1365,1655078400,1448.74,1181.95,1443.84,1204.58,45162788786.0
1366,1655164800,1252.47,1094.7,1204.56,1211.66,33327826525.0
1367,1655251200,1236.63,1025.68,1211.37,1233.21,37539999450.0
1368,1655337600,1246.14,1058.78,1233.6,1067.73,18907671369.0
1369,1655424000,1112.47,1060.87,1067.99,1086.52,14591486540.0
1370,1655510400,1095.17,896.11,1086.38,993.64,21655406608.0
1371,1655596800,1142.34,943.12,993.4,1127.66,21795481981.0
1372,1655683200,1159.99,1066.11,1127.66,1127.64,19739691429.0
1373,1655769600,1185.43,1112.57,1127.51,1124.82,15632089439.0
1374,1655856000,1126.26,1049.76,1125.37,1051.42,15010593493.0
1375,1655942400,1146.49,1050.22,1051.33,1143.39,14657862919.0
1376,1656028800,1238.62,1134.51,1143.2,1226.84,16981552654.0
1377,1656115200,1246.39,1184.56,1226.72,1243.45,12481946184.0
1378,1656201600,1272.13,1199.41,1242.99,1199.83,12096607824.0
1379,1656288000,1234.18,1179.79,1199.71,1193.68,12492225250.0
1380,1656374400,1229.74,1141.16,1193.25,1144.58,14023205651.0
1381,1656460800,1152.68,1092.1,1144.52,1098.94,15386286815.0
1382,1656547200,1103.69,1009.09,1099.35,1067.3,16350755497.0
1383,1656633600,1100.22,1040.15,1068.32,1059.77,17499453625.0
1384,1656720000,1073.05,1033.96,1060.12,1066.51,9935603640.0
1385,1656806400,1083.42,1044.01,1066.47,1073.77,8557248150.0
1386,1656892800,1152.94,1048.4,1073.79,1151.06,13670889311.0
1387,1656979200,1165.68,1086.83,1150.51,1134.54,16195518291.0
1388,1657065600,1193.64,1116.25,1134.82,1186.97,15373536703.0
1389,1657152000,1246.89,1165.62,1186.96,1237.59,14230795894.0
1390,1657238400,1262.89,1200.63,1237.58,1222.51,16315929082.0
1391,1657324800,1228.77,1209.38,1222.31,1216.98,8821353104.0
1392,1657411200,1216.9,1157.18,1216.9,1168.4,10984558039.0
1393,1657497600,1169.19,1095.0,1168.14,1097.24,12064180410.0
1394,1657584000,1097.26,1038.14,1097.26,1038.19,12583282453.0
1395,1657670400,1113.59,1019.22,1038.19,1113.59,18302588147.0
1396,1657756800,1202.95,1077.41,1113.52,1191.53,16688640823.0
1397,1657843200,1275.78,1182.9,1191.67,1233.13,17411448225.0
1398,1657929600,1377.94,1195.61,1232.79,1352.63,18364013796.0
1399,1658016000,1378.42,1329.76,1353.21,1338.64,16079711737.0
1400,1658102400,1578.72,1338.81,1338.81,1578.72,27440420623.0
1401,1658188800,1607.03,1501.8,1578.38,1542.98,27753529276.0
1402,1658275200,1612.65,1500.8,1542.95,1520.2,22942708340.0
1403,1658361600,1595.76,1472.19,1520.37,1576.75,20009556587.0
1404,1658448000,1641.21,1523.64,1576.75,1537.41,18926100582.0
1405,1658534400,1591.63,1495.68,1536.46,1549.3,14998811383.0
1406,1658620800,1654.43,1548.67,1549.22,1599.48,17217849557.0
1407,1658707200,1605.34,1445.38,1599.16,1445.38,20585056021.0
1408,1658793600,1445.15,1362.95,1445.15,1441.81,18238563509.0
1409,1658880000,1636.8,1423.62,1443.73,1636.23,23007524016.0
1410,1658966400,1774.58,1604.89,1636.23,1725.47,27231399966.0
1411,1659052800,1759.88,1662.79,1725.62,1727.41,23249531113.0
1412,1659139200,1738.02,1678.11,1727.06,1695.97,15576977870.0
1413,1659225600,1745.88,1672.61,1695.88,1681.52,14200735370.0
1414,1659312000,1700.17,1613.42,1681.45,1635.2,16191371176.0
1415,1659398400,1672.63,1567.85,1634.65,1632.95,20426082309.0
1416,1659484800,1678.1,1595.63,1633.05,1618.87,16786218830.0
1417,1659571200,1658.51,1585.33,1618.89,1608.21,14467440626.0
1418,1659657600,1732.25,1606.5,1607.52,1732.25,18546491876.0
1419,1659744000,1744.33,1691.66,1732.66,1691.66,11757911705.0
1420,1659830400,1724.79,1672.91,1691.78,1699.35,10252090340.0
1421,1659916800,1806.89,1697.41,1699.69,1775.52,16841424404.0
1422,1660003200,1786.12,1675.85,1776.07,1703.03,16368619692.0
1423,1660089600,1869.4,1665.09,1702.91,1851.74,23512477984.0
1424,1660176000,1927.94,1851.83,1851.83,1881.22,23826986482.0
1425,1660262400,1957.55,1860.08,1880.9,1957.25,17168141904.0
1426,1660348800,2013.76,1948.6,1957.33,1981.34,16038975216.0
1427,1660435200,2022.79,1919.01,1981.78,1936.8,14062754456.0
1428,1660521600,2007.21,1881.86,1936.76,1904.23,20349931313.0
1429,1660608000,1910.75,1862.27,1902.83,1878.14,15637578930.0
1430,1660694400,1951.68,1823.53,1877.93,1833.0,20308508124.0
1431,1660780800,1876.38,1826.96,1833.72,1847.01,14999352229.0
1432,1660867200,1847.1,1611.34,1847.1,1612.99,25906358731.0
1433,1660953600,1652.22,1534.3,1612.65,1577.0,18334580263.0
1434,1661040000,1640.94,1569.05,1576.54,1619.32,15849221752.0
1435,1661126400,1622.78,1535.01,1619.17,1622.51,18557078599.0
1436,1661212800,1666.68,1569.43,1622.94,1662.77,18322041914.0
1437,1661299200,1686.56,1610.1,1662.7,1657.06,16780932907.0
1438,1661385600,1718.18,1656.86,1657.34,1696.46,14818795695.0
1439,1661472000,1698.56,1498.77,1696.32,1507.78,26713710143.0
1440,1661558400,1517.15,1454.28,1508.16,1491.4,18120831899.0
1441,1661644800,1505.79,1430.55,1491.21,1430.55,12823572918.0
1442,1661731200,1556.31,1427.73,1430.44,1553.04,17965837488.0
1443,1661817600,1600.46,1480.83,1553.19,1523.84,21835784470.0
1444,1661904000,1612.36,1524.29,1524.29,1553.68,20591680941.0
1445,1661990400,1593.08,1520.19,1553.76,1586.18,16434276817.0
1446,1662076800,1643.18,1551.88,1586.02,1577.22,17708478709.0
1447,1662163200,1579.45,1541.67,1577.21,1556.87,9516825994.0
1448,1662249600,1578.01,1543.7,1556.9,1577.64,8884144998.0
1449,1662336000,1621.66,1559.78,1577.88,1617.18,13060541168.0
1450,1662422400,1680.6,1561.75,1617.24,1561.75,22946059125.0
1451,1662508800,1651.05,1500.01,1560.91,1629.91,19560363854.0
1452,1662595200,1655.06,1603.06,1629.81,1635.35,17621046717.0
1453,1662681600,1735.81,1632.84,1635.19,1719.09,20242323690.0
1454,1662768000,1784.5,1710.3,1718.96,1776.2,13130928217.0
1455,1662854400,1782.73,1730.16,1775.98,1761.8,12464301922.0
1456,1662940800,1778.16,1698.29,1762.08,1713.77,17688391310.0
1457,1663027200,1745.78,1564.03,1713.96,1580.79,23066821734.0
1458,1663113600,1642.16,1564.03,1574.86,1634.76,17897150206.0
1459,1663200000,1648.95,1466.14,1635.08,1471.69,26946275878.0
1460,1663286400,1480.56,1415.58,1471.93,1432.45,16764804299.0
